db_tf_id	db_entry_name	db_gene_names	hocomoco_motif_id	official_transcription_factor	official_uniprot_id	official_uniprot_ac	official_model_release	official_data_source	official_model_in_annotation	official_model_in_meme	db_motif_file_exists	matrix_status	chart_evidence_column	db_evidence_type	db_mapping_type	uniprot_accession_match	entry_name_match	gene_token_match	mapping_result	notes
A0PJY2	FEZF1_HUMAN	FEZF1 FEZ ZNF312B	FEZF1_HUMAN.H11MO.0.C	FEZF1	FEZF1_HUMAN	A0PJY2	HOCOMOCOv11	ChIP-Seq	yes	yes	yes	usable	Identical_PWM	identical	public_database_mapping_unconfirmed	yes	yes	yes	exact_uniprot_confirmed	
A2RRD8	ZN320_HUMAN	ZNF320	ZN320_HUMAN.H11MO.0.C	ZNF320	ZN320_HUMAN	A2RRD8	HOCOMOCOv11	ChIP-Seq	yes	yes	yes	usable	Identical_PWM	identical	public_database_mapping_unconfirmed	yes	yes	yes	exact_uniprot_confirmed	
O00321	ETV2_HUMAN	ETV2 ER71 ETSRP71	ETV2_HUMAN.H11MO.0.B	ETV2	ETV2_HUMAN	O00321	HOCOMOCOv11	ChIP-Seq	yes	yes	yes	usable	Identical_PWM	identical	public_database_mapping_unconfirmed	yes	yes	yes	exact_uniprot_confirmed	
O00327	BMAL1_HUMAN	BMAL1 ARNTL BHLHE5 MOP3 PASD3	BMAL1_HUMAN.H11MO.0.A	ARNTL	BMAL1_HUMAN	O00327	HOCOMOCOv11	ChIP-Seq	yes	yes	yes	usable	Identical_PWM	identical	public_database_mapping_unconfirmed	yes	yes	yes	exact_uniprot_confirmed	
O00470	MEIS1_HUMAN	MEIS1	MEIS1_HUMAN.H11MO.0.A	MEIS1	MEIS1_HUMAN	O00470	HOCOMOCOv11	ChIP-Seq	yes	yes	yes	usable	Identical_PWM	identical	public_database_mapping_unconfirmed	yes	yes	yes	exact_uniprot_confirmed	
O00482	NR5A2_HUMAN	NR5A2 B1F CPF FTF	NR5A2_HUMAN.H11MO.0.B	NR5A2	NR5A2_HUMAN	O00482	HOCOMOCOv11	ChIP-Seq	yes	yes	yes	usable	Identical_PWM	identical	public_database_mapping_unconfirmed	yes	yes	yes	exact_uniprot_confirmed	
O00716	E2F3_HUMAN	E2F3 KIAA0075	E2F3_HUMAN.H11MO.0.A	E2F3	E2F3_HUMAN	O00716	HOCOMOCOv11	ChIP-Seq	yes	yes	yes	usable	Identical_PWM	identical	public_database_mapping_unconfirmed	yes	yes	yes	exact_uniprot_confirmed	
O14503	BHE40_HUMAN	BHLHE40 BHLHB2 DEC1 SHARP2 STRA13	BHE40_HUMAN.H11MO.0.A	BHLHE40	BHE40_HUMAN	O14503	HOCOMOCOv11	ChIP-Seq	yes	yes	yes	usable	Identical_PWM	identical	public_database_mapping_unconfirmed	yes	yes	yes	exact_uniprot_confirmed	
O14753	OVOL1_HUMAN	OVOL1	OVOL1_HUMAN.H11MO.0.C	OVOL1	OVOL1_HUMAN	O14753	HOCOMOCOv9	Integrative	yes	yes	yes	usable	Identical_PWM	identical	public_database_mapping_unconfirmed	yes	yes	yes	exact_uniprot_confirmed	
O14770	MEIS2_HUMAN	MEIS2 MRG1	MEIS2_HUMAN.H11MO.0.B	MEIS2	MEIS2_HUMAN	O14770	HOCOMOCOv9	Integrative	yes	yes	yes	usable	Identical_PWM	identical	public_database_mapping_unconfirmed	yes	yes	yes	exact_uniprot_confirmed	
O14867	BACH1_HUMAN	BACH1	BACH1_HUMAN.H11MO.0.A	BACH1	BACH1_HUMAN	O14867	HOCOMOCOv10	ChIP-Seq	yes	yes	yes	usable	Identical_PWM	identical	public_database_mapping_unconfirmed	yes	yes	yes	exact_uniprot_confirmed	
O14978	ZN263_HUMAN	ZNF263 FPM315 ZKSCAN12	ZN263_HUMAN.H11MO.0.A	ZNF263	ZN263_HUMAN	O14978	HOCOMOCOv11	ChIP-Seq	yes	yes	yes	usable	Identical_PWM	identical	public_database_mapping_unconfirmed	yes	yes	yes	exact_uniprot_confirmed	
O15119	TBX3_HUMAN	TBX3	TBX3_HUMAN.H11MO.0.C	TBX3	TBX3_HUMAN	O15119	HOCOMOCOv11	ChIP-Seq	yes	yes	yes	usable	Identical_PWM	identical	public_database_mapping_unconfirmed	yes	yes	yes	exact_uniprot_confirmed	
O15178	TBXT_HUMAN	TBXT T	BRAC_HUMAN.H11MO.0.A	T	BRAC_HUMAN	O15178	HOCOMOCOv11	ChIP-Seq	yes	yes	yes	usable	Identical_PWM	identical	public_database_mapping_unconfirmed	yes	no	yes	exact_uniprot_confirmed	UniProt accession agrees; entry-name spelling differs or is unavailable locally.
O15350	P73_HUMAN	TP73 P73	P73_HUMAN.H11MO.0.A	TP73	P73_HUMAN	O15350	HOCOMOCOv11	ChIP-Seq	yes	yes	yes	usable	Identical_PWM	identical	public_database_mapping_unconfirmed	yes	yes	yes	exact_uniprot_confirmed	
O15409	FOXP2_HUMAN	FOXP2 CAGH44 TNRC10	FOXP2_HUMAN.H11MO.0.C	FOXP2	FOXP2_HUMAN	O15409	HOCOMOCOv11	ChIP-Seq	yes	yes	yes	usable	Identical_PWM	identical	public_database_mapping_unconfirmed	yes	yes	yes	exact_uniprot_confirmed	
O15516	CLOCK_HUMAN	CLOCK BHLHE8 KIAA0334	CLOCK_HUMAN.H11MO.0.C	CLOCK	CLOCK_HUMAN	O15516	HOCOMOCOv11	ChIP-Seq	yes	yes	yes	usable	Identical_PWM	identical	public_database_mapping_unconfirmed	yes	yes	yes	exact_uniprot_confirmed	
O15522	NKX28_HUMAN	NKX2-8 NKX-2.8 NKX2G NKX2H	NKX28_HUMAN.H11MO.0.C	NKX2-8	NKX28_HUMAN	O15522	HOCOMOCOv9	Integrative	yes	yes	yes	usable	Identical_PWM	identical	public_database_mapping_unconfirmed	yes	yes	yes	exact_uniprot_confirmed	
O15525	MAFG_HUMAN	MAFG	MAFG_HUMAN.H11MO.0.A	MAFG	MAFG_HUMAN	O15525	HOCOMOCOv11	ChIP-Seq	yes	yes	yes	usable	Identical_PWM	identical	public_database_mapping_unconfirmed	yes	yes	yes	exact_uniprot_confirmed	
O43186	CRX_HUMAN	CRX CORD2	CRX_HUMAN.H11MO.0.B	CRX	CRX_HUMAN	O43186	HOCOMOCOv11	ChIP-Seq	yes	yes	yes	usable	Identical_PWM	identical	public_database_mapping_unconfirmed	yes	yes	yes	exact_uniprot_confirmed	
O43296	ZN264_HUMAN	ZNF264 KIAA0412	ZN264_HUMAN.H11MO.0.C	ZNF264	ZN264_HUMAN	O43296	HOCOMOCOv11	ChIP-Seq	yes	yes	yes	usable	Identical_PWM	identical	public_database_mapping_unconfirmed	yes	yes	yes	exact_uniprot_confirmed	
O43474	KLF4_HUMAN	KLF4 EZF GKLF	KLF4_HUMAN.H11MO.0.A	KLF4	KLF4_HUMAN	O43474	HOCOMOCOv11	ChIP-Seq	yes	yes	yes	usable	Identical_PWM	identical	public_database_mapping_unconfirmed	yes	yes	yes	exact_uniprot_confirmed	
O43524	FOXO3_HUMAN	FOXO3 FKHRL1 FOXO3A	FOXO3_HUMAN.H11MO.0.B	FOXO3	FOXO3_HUMAN	O43524	HOCOMOCOv11	ChIP-Seq	yes	yes	yes	usable	Identical_PWM	identical	public_database_mapping_unconfirmed	yes	yes	yes	exact_uniprot_confirmed	
O43623	SNAI2_HUMAN	SNAI2 SLUG SLUGH	SNAI2_HUMAN.H11MO.0.A	SNAI2	SNAI2_HUMAN	O43623	HOCOMOCOv11	ChIP-Seq	yes	yes	yes	usable	Identical_PWM	identical	public_database_mapping_unconfirmed	yes	yes	yes	exact_uniprot_confirmed	
O43829	ZBT14_HUMAN	ZBTB14 ZFP161 ZNF478	ZBT14_HUMAN.H11MO.0.C	ZBTB14	ZBT14_HUMAN	O43829	HOCOMOCOv11	ChIP-Seq	yes	yes	yes	usable	Identical_PWM	identical	public_database_mapping_unconfirmed	yes	yes	yes	exact_uniprot_confirmed	
O43918	AIRE_HUMAN	AIRE APECED	AIRE_HUMAN.H11MO.0.C	AIRE	AIRE_HUMAN	O43918	HOCOMOCOv9	Integrative	yes	yes	yes	usable	Identical_PWM	identical	public_database_mapping_unconfirmed	yes	yes	yes	exact_uniprot_confirmed	
O60264	SMCA5_HUMAN	SMARCA5 SNF2H WCRF135	SMCA5_HUMAN.H11MO.0.C	SMARCA5	SMCA5_HUMAN	O60264	HOCOMOCOv11	ChIP-Seq	yes	yes	yes	usable	Identical_PWM	identical	public_database_mapping_unconfirmed	yes	yes	yes	exact_uniprot_confirmed	
O60393	NOBOX_HUMAN	NOBOX	NOBOX_HUMAN.H11MO.0.C	NOBOX	NOBOX_HUMAN	O60393	HOCOMOCOv9	Integrative	yes	yes	yes	usable	Identical_PWM	identical	public_database_mapping_unconfirmed	yes	yes	yes	exact_uniprot_confirmed	
O60479	DLX3_HUMAN	DLX3	DLX3_HUMAN.H11MO.0.C	DLX3	DLX3_HUMAN	O60479	HOCOMOCOv9	Integrative	yes	yes	yes	usable	Identical_PWM	identical	public_database_mapping_unconfirmed	yes	yes	yes	exact_uniprot_confirmed	
O60481	ZIC3_HUMAN	ZIC3 ZNF203	ZIC3_HUMAN.H11MO.0.B	ZIC3	ZIC3_HUMAN	O60481	HOCOMOCOv11	ChIP-Seq	yes	yes	yes	usable	Identical_PWM	identical	public_database_mapping_unconfirmed	yes	yes	yes	exact_uniprot_confirmed	
O60675	MAFK_HUMAN	MAFK	MAFK_HUMAN.H11MO.0.A	MAFK	MAFK_HUMAN	O60675	HOCOMOCOv11	ChIP-Seq	yes	yes	yes	usable	Identical_PWM	identical	public_database_mapping_unconfirmed	yes	yes	yes	exact_uniprot_confirmed	
O60765	Z354A_HUMAN	ZNF354A EZNF HKL1 TCF17	Z354A_HUMAN.H11MO.0.C	ZNF354A	Z354A_HUMAN	O60765	HOCOMOCOv11	ChIP-Seq	yes	yes	yes	usable	Identical_PWM	identical	public_database_mapping_unconfirmed	yes	yes	yes	exact_uniprot_confirmed	
O75030	MITF_HUMAN	MITF BHLHE32	MITF_HUMAN.H11MO.0.A	MITF	MITF_HUMAN	O75030	HOCOMOCOv11	ChIP-Seq	yes	yes	yes	usable	Identical_PWM	identical	public_database_mapping_unconfirmed	yes	yes	yes	exact_uniprot_confirmed	
O75444	MAF_HUMAN	MAF	MAF_HUMAN.H11MO.0.A	MAF	MAF_HUMAN	O75444	HOCOMOCOv11	ChIP-Seq	yes	yes	yes	usable	Identical_PWM	identical	public_database_mapping_unconfirmed	yes	yes	yes	exact_uniprot_confirmed	
O75461	E2F6_HUMAN	E2F6	E2F6_HUMAN.H11MO.0.A	E2F6	E2F6_HUMAN	O75461	HOCOMOCOv11	ChIP-Seq	yes	yes	yes	usable	Identical_PWM	identical	public_database_mapping_unconfirmed	yes	yes	yes	exact_uniprot_confirmed	
O75467	Z324A_HUMAN	ZNF324 ZNF324A	Z324A_HUMAN.H11MO.0.C	ZNF324	Z324A_HUMAN	O75467	HOCOMOCOv11	ChIP-Seq	yes	yes	yes	usable	Identical_PWM	identical	public_database_mapping_unconfirmed	yes	yes	yes	exact_uniprot_confirmed	
O75469	NR1I2_HUMAN	NR1I2 PXR	NR1I2_HUMAN.H11MO.0.C	NR1I2	NR1I2_HUMAN	O75469	HOCOMOCOv9	Integrative	yes	yes	yes	usable	Identical_PWM	identical	public_database_mapping_unconfirmed	yes	yes	yes	exact_uniprot_confirmed	
O75593	FOXH1_HUMAN	FOXH1 FAST1 FAST2	FOXH1_HUMAN.H11MO.0.A	FOXH1	FOXH1_HUMAN	O75593	HOCOMOCOv11	ChIP-Seq	yes	yes	yes	usable	Identical_PWM	identical	public_database_mapping_unconfirmed	yes	yes	yes	exact_uniprot_confirmed	
O75626	PRDM1_HUMAN	PRDM1 BLIMP1	PRDM1_HUMAN.H11MO.0.A	PRDM1	PRDM1_HUMAN	O75626	HOCOMOCOv11	ChIP-Seq	yes	yes	yes	usable	Identical_PWM	identical	public_database_mapping_unconfirmed	yes	yes	yes	exact_uniprot_confirmed	
O95365	ZBT7A_HUMAN	ZBTB7A FBI1 LRF ZBTB7 ZNF857A	ZBT7A_HUMAN.H11MO.0.A	ZBTB7A	ZBT7A_HUMAN	O95365	HOCOMOCOv11	ChIP-Seq	yes	yes	yes	usable	Identical_PWM	identical	public_database_mapping_unconfirmed	yes	yes	yes	exact_uniprot_confirmed	
O95600	KLF8_HUMAN	KLF8 BKLF3 ZNF741	KLF8_HUMAN.H11MO.0.C	KLF8	KLF8_HUMAN	O95600	HOCOMOCOv9	Integrative	yes	yes	yes	usable	Identical_PWM	identical	public_database_mapping_unconfirmed	yes	yes	yes	exact_uniprot_confirmed	
O95644	NFAC1_HUMAN	NFATC1 NFAT2 NFATC	NFAC1_HUMAN.H11MO.0.B	NFATC1	NFAC1_HUMAN	O95644	HOCOMOCOv11	ChIP-Seq	yes	yes	yes	usable	Identical_PWM	identical	public_database_mapping_unconfirmed	yes	yes	yes	exact_uniprot_confirmed	
O95718	ERR2_HUMAN	ESRRB ERRB2 ESRL2 NR3B2	ERR2_HUMAN.H11MO.0.A	ESRRB	ERR2_HUMAN	O95718	HOCOMOCOv9	Integrative	yes	yes	yes	usable	Identical_PWM	identical	public_database_mapping_unconfirmed	yes	yes	yes	exact_uniprot_confirmed	
O95863	SNAI1_HUMAN	SNAI1 SNAH	SNAI1_HUMAN.H11MO.0.C	SNAI1	SNAI1_HUMAN	O95863	HOCOMOCOv9	Integrative	yes	yes	yes	usable	Identical_PWM	identical	public_database_mapping_unconfirmed	yes	yes	yes	exact_uniprot_confirmed	
P01100	FOS_HUMAN	FOS G0S7	FOS_HUMAN.H11MO.0.A	FOS	FOS_HUMAN	P01100	HOCOMOCOv11	ChIP-Seq	yes	yes	yes	usable	Identical_PWM	identical	public_database_mapping_unconfirmed	yes	yes	yes	exact_uniprot_confirmed	
P01106	MYC_HUMAN	MYC BHLHE39	MYC_HUMAN.H11MO.0.A	MYC	MYC_HUMAN	P01106	HOCOMOCOv11	ChIP-Seq	yes	yes	yes	usable	Identical_PWM	identical	public_database_mapping_unconfirmed	yes	yes	yes	exact_uniprot_confirmed	
P03372	ESR1_HUMAN	ESR1 ESR NR3A1	ESR1_HUMAN.H11MO.0.A	ESR1	ESR1_HUMAN	P03372	HOCOMOCOv11	ChIP-Seq	yes	yes	yes	usable	Identical_PWM	identical	public_database_mapping_unconfirmed	yes	yes	yes	exact_uniprot_confirmed	
P04150	GCR_HUMAN	NR3C1 GRL	GCR_HUMAN.H11MO.0.A	NR3C1	GCR_HUMAN	P04150	HOCOMOCOv11	ChIP-Seq	yes	yes	yes	usable	Identical_PWM	identical	public_database_mapping_unconfirmed	yes	yes	yes	exact_uniprot_confirmed	
P04198	MYCN_HUMAN	MYCN BHLHE37 NMYC	MYCN_HUMAN.H11MO.0.A	MYCN	MYCN_HUMAN	P04198	HOCOMOCOv11	ChIP-Seq	yes	yes	yes	usable	Identical_PWM	identical	public_database_mapping_unconfirmed	yes	yes	yes	exact_uniprot_confirmed	
P04637	P53_HUMAN	TP53 P53	P53_HUMAN.H11MO.0.A	TP53	P53_HUMAN	P04637	HOCOMOCOv11	ChIP-Seq	yes	yes	yes	usable	Identical_PWM	identical	public_database_mapping_unconfirmed	yes	yes	yes	exact_uniprot_confirmed	
P05412	JUN_HUMAN	JUN	JUN_HUMAN.H11MO.0.A	JUN	JUN_HUMAN	P05412	HOCOMOCOv11	ChIP-Seq	yes	yes	yes	usable	Identical_PWM	identical	public_database_mapping_unconfirmed	yes	yes	yes	exact_uniprot_confirmed	
P05549	AP2A_HUMAN	TFAP2A AP2TF TFAP2	AP2A_HUMAN.H11MO.0.A	TFAP2A	AP2A_HUMAN	P05549	HOCOMOCOv10	ChIP-Seq	yes	yes	yes	usable	Identical_PWM	identical	public_database_mapping_unconfirmed	yes	yes	yes	exact_uniprot_confirmed	
P06401	PRGR_HUMAN	PGR NR3C3	PRGR_HUMAN.H11MO.0.A	PGR	PRGR_HUMAN	P06401	HOCOMOCOv11	ChIP-Seq	yes	yes	yes	usable	Identical_PWM	identical	public_database_mapping_unconfirmed	yes	yes	yes	exact_uniprot_confirmed	
P08047	SP1_HUMAN	SP1 TSFP1	SP1_HUMAN.H11MO.0.A	SP1	SP1_HUMAN	P08047	HOCOMOCOv11	ChIP-Seq	yes	yes	yes	usable	Identical_PWM	identical	public_database_mapping_unconfirmed	yes	yes	yes	exact_uniprot_confirmed	
P08651	NFIC_HUMAN	NFIC NFI	NFIC_HUMAN.H11MO.0.A	NFIC	NFIC_HUMAN	P08651	HOCOMOCOv11	ChIP-Seq	yes	yes	yes	usable	Identical_PWM	identical	public_database_mapping_unconfirmed	yes	yes	yes	exact_uniprot_confirmed	
P09086	PO2F2_HUMAN	POU2F2 OCT2 OTF2	PO2F2_HUMAN.H11MO.0.A	POU2F2	PO2F2_HUMAN	P09086	HOCOMOCOv11	ChIP-Seq	yes	yes	yes	usable	Identical_PWM	identical	public_database_mapping_unconfirmed	yes	yes	yes	exact_uniprot_confirmed	
P09629	HXB7_HUMAN	HOXB7 HOX2C	HXB7_HUMAN.H11MO.0.C	HOXB7	HXB7_HUMAN	P09629	HOCOMOCOv9	Integrative	yes	yes	yes	usable	Identical_PWM	identical	public_database_mapping_unconfirmed	yes	yes	yes	exact_uniprot_confirmed	
P10071	GLI3_HUMAN	GLI3	GLI3_HUMAN.H11MO.0.B	GLI3	GLI3_HUMAN	P10071	HOCOMOCOv9	Integrative	yes	yes	yes	usable	Identical_PWM	identical	public_database_mapping_unconfirmed	yes	yes	yes	exact_uniprot_confirmed	
P10073	ZSC22_HUMAN	ZSCAN22 HKR2 ZNF50	ZSC22_HUMAN.H11MO.0.C	ZSCAN22	ZSC22_HUMAN	P10073	HOCOMOCOv11	ChIP-Seq	yes	yes	yes	usable	Identical_PWM	identical	public_database_mapping_unconfirmed	yes	yes	yes	exact_uniprot_confirmed	
P10074	ZBT48_HUMAN	ZBTB48 HKR3 TZAP ZNF855	ZBT48_HUMAN.H11MO.0.C	ZBTB48	ZBT48_HUMAN	P10074	HOCOMOCOv11	ChIP-Seq	yes	yes	yes	usable	Identical_PWM	identical	public_database_mapping_unconfirmed	yes	yes	yes	exact_uniprot_confirmed	
P10242	MYB_HUMAN	MYB	MYB_HUMAN.H11MO.0.A	MYB	MYB_HUMAN	P10242	HOCOMOCOv11	ChIP-Seq	yes	yes	yes	usable	Identical_PWM	identical	public_database_mapping_unconfirmed	yes	yes	yes	exact_uniprot_confirmed	
P10275	ANDR_HUMAN	AR DHTR NR3C4	ANDR_HUMAN.H11MO.0.A	AR	ANDR_HUMAN	P10275	HOCOMOCOv11	ChIP-Seq	yes	yes	yes	usable	Identical_PWM	identical	public_database_mapping_unconfirmed	yes	yes	yes	exact_uniprot_confirmed	
P10276	RARA_HUMAN	RARA NR1B1	RARA_HUMAN.H11MO.0.A	RARA	RARA_HUMAN	P10276	HOCOMOCOv11	ChIP-Seq	yes	yes	yes	usable	Identical_PWM	identical	public_database_mapping_unconfirmed	yes	yes	yes	exact_uniprot_confirmed	
P10589	COT1_HUMAN	NR2F1 EAR3 ERBAL3 TFCOUP1	COT1_HUMAN.H11MO.0.C	NR2F1	COT1_HUMAN	P10589	HOCOMOCOv11	ChIP-Seq	yes	yes	yes	usable	Identical_PWM	identical	public_database_mapping_unconfirmed	yes	yes	yes	exact_uniprot_confirmed	
P10827	THA_HUMAN	THRA EAR7 ERBA1 NR1A1 THRA1 THRA2	THA_HUMAN.H11MO.0.C	THRA	THA_HUMAN	P10827	HOCOMOCOv9	Integrative	yes	yes	yes	usable	Identical_PWM	identical	public_database_mapping_unconfirmed	yes	yes	yes	exact_uniprot_confirmed	
P10828	THB_HUMAN	THRB ERBA2 NR1A2 THR1	THB_HUMAN.H11MO.0.C	THRB	THB_HUMAN	P10828	HOCOMOCOv9	Integrative	yes	yes	yes	usable	Identical_PWM	identical	public_database_mapping_unconfirmed	yes	yes	yes	exact_uniprot_confirmed	
P10914	IRF1_HUMAN	IRF1	IRF1_HUMAN.H11MO.0.A	IRF1	IRF1_HUMAN	P10914	HOCOMOCOv11	ChIP-Seq	yes	yes	yes	usable	Identical_PWM	identical	public_database_mapping_unconfirmed	yes	yes	yes	exact_uniprot_confirmed	
P11161	EGR2_HUMAN	EGR2 KROX20	EGR2_HUMAN.H11MO.0.A	EGR2	EGR2_HUMAN	P11161	HOCOMOCOv11	ChIP-Seq	yes	yes	yes	usable	Identical_PWM	identical	public_database_mapping_unconfirmed	yes	yes	yes	exact_uniprot_confirmed	
P11308	ERG_HUMAN	ERG	ERG_HUMAN.H11MO.0.A	ERG	ERG_HUMAN	P11308	HOCOMOCOv11	ChIP-Seq	yes	yes	yes	usable	Identical_PWM	identical	public_database_mapping_unconfirmed	yes	yes	yes	exact_uniprot_confirmed	
P11473	VDR_HUMAN	VDR NR1I1	VDR_HUMAN.H11MO.0.A	VDR	VDR_HUMAN	P11473	HOCOMOCOv11	ChIP-Seq	yes	yes	yes	usable	Identical_PWM	identical	public_database_mapping_unconfirmed	yes	yes	yes	exact_uniprot_confirmed	
P11474	ERR1_HUMAN	ESRRA ERR1 ESRL1 NR3B1	ERR1_HUMAN.H11MO.0.A	ESRRA	ERR1_HUMAN	P11474	HOCOMOCOv11	ChIP-Seq	yes	yes	yes	usable	Identical_PWM	identical	public_database_mapping_unconfirmed	yes	yes	yes	exact_uniprot_confirmed	
P11831	SRF_HUMAN	SRF	SRF_HUMAN.H11MO.0.A	SRF	SRF_HUMAN	P11831	HOCOMOCOv11	ChIP-Seq	yes	yes	yes	usable	Identical_PWM	identical	public_database_mapping_unconfirmed	yes	yes	yes	exact_uniprot_confirmed	
P12980	LYL1_HUMAN	LYL1 BHLHA18	LYL1_HUMAN.H11MO.0.A	LYL1	LYL1_HUMAN	P12980	HOCOMOCOv11	ChIP-Seq	yes	yes	yes	usable	Identical_PWM	identical	public_database_mapping_unconfirmed	yes	yes	yes	exact_uniprot_confirmed	
P13056	NR2C1_HUMAN	NR2C1 TR2	NR2C1_HUMAN.H11MO.0.C	NR2C1	NR2C1_HUMAN	P13056	HOCOMOCOv9	Integrative	yes	yes	yes	usable	Identical_PWM	identical	public_database_mapping_unconfirmed	yes	yes	yes	exact_uniprot_confirmed	
P13631	RARG_HUMAN	RARG NR1B3	RARG_HUMAN.H11MO.0.B	RARG	RARG_HUMAN	P13631	HOCOMOCOv11	ChIP-Seq	yes	yes	yes	usable	Identical_PWM	identical	public_database_mapping_unconfirmed	yes	yes	yes	exact_uniprot_confirmed	
P14316	IRF2_HUMAN	IRF2	IRF2_HUMAN.H11MO.0.A	IRF2	IRF2_HUMAN	P14316	HOCOMOCOv11	ChIP-Seq	yes	yes	yes	usable	Identical_PWM	identical	public_database_mapping_unconfirmed	yes	yes	yes	exact_uniprot_confirmed	
P14859	PO2F1_HUMAN	POU2F1 OCT1 OTF1	PO2F1_HUMAN.H11MO.0.C	POU2F1	PO2F1_HUMAN	P14859	HOCOMOCOv11	ChIP-Seq	yes	yes	yes	usable	Identical_PWM	identical	public_database_mapping_unconfirmed	yes	yes	yes	exact_uniprot_confirmed	
P14921	ETS1_HUMAN	ETS1 EWSR2	ETS1_HUMAN.H11MO.0.A	ETS1	ETS1_HUMAN	P14921	HOCOMOCOv11	ChIP-Seq	yes	yes	yes	usable	Identical_PWM	identical	public_database_mapping_unconfirmed	yes	yes	yes	exact_uniprot_confirmed	
P15036	ETS2_HUMAN	ETS2	ETS2_HUMAN.H11MO.0.B	ETS2	ETS2_HUMAN	P15036	HOCOMOCOv11	ChIP-Seq	yes	yes	yes	usable	Identical_PWM	identical	public_database_mapping_unconfirmed	yes	yes	yes	exact_uniprot_confirmed	
P15172	MYOD1_HUMAN	MYOD1 BHLHC1 MYF3 MYOD	MYOD1_HUMAN.H11MO.0.A	MYOD1	MYOD1_HUMAN	P15172	HOCOMOCOv11	ChIP-Seq	yes	yes	yes	usable	Identical_PWM	identical	public_database_mapping_unconfirmed	yes	yes	yes	exact_uniprot_confirmed	
P15173	MYOG_HUMAN	MYOG BHLHC3 MYF4	MYOG_HUMAN.H11MO.0.B	MYOG	MYOG_HUMAN	P15173	HOCOMOCOv11	ChIP-Seq	yes	yes	yes	usable	Identical_PWM	identical	public_database_mapping_unconfirmed	yes	yes	yes	exact_uniprot_confirmed	
P15336	ATF2_HUMAN	ATF2 CREB2 CREBP1	ATF2_HUMAN.H11MO.0.B	ATF2	ATF2_HUMAN	P15336	HOCOMOCOv11	ChIP-Seq	yes	yes	yes	usable	Identical_PWM	identical	public_database_mapping_unconfirmed	yes	yes	yes	exact_uniprot_confirmed	
P15407	FOSL1_HUMAN	FOSL1 FRA1	FOSL1_HUMAN.H11MO.0.A	FOSL1	FOSL1_HUMAN	P15407	HOCOMOCOv11	ChIP-Seq	yes	yes	yes	usable	Identical_PWM	identical	public_database_mapping_unconfirmed	yes	yes	yes	exact_uniprot_confirmed	
P15408	FOSL2_HUMAN	FOSL2 FRA2	FOSL2_HUMAN.H11MO.0.A	FOSL2	FOSL2_HUMAN	P15408	HOCOMOCOv11	ChIP-Seq	yes	yes	yes	usable	Identical_PWM	identical	public_database_mapping_unconfirmed	yes	yes	yes	exact_uniprot_confirmed	
P15622	ZN250_HUMAN	ZNF250 ZNF647	ZN250_HUMAN.H11MO.0.C	ZNF250	ZN250_HUMAN	P15622	HOCOMOCOv11	ChIP-Seq	yes	yes	yes	usable	Identical_PWM	identical	public_database_mapping_unconfirmed	yes	yes	yes	exact_uniprot_confirmed	
P15884	ITF2_HUMAN	TCF4 BHLHB19 ITF2 SEF2	ITF2_HUMAN.H11MO.0.C	TCF4	ITF2_HUMAN	P15884	HOCOMOCOv11	ChIP-Seq	yes	yes	yes	usable	Identical_PWM	identical	public_database_mapping_unconfirmed	yes	yes	yes	exact_uniprot_confirmed	
P15923	TFE2_HUMAN	TCF3 BHLHB21 E2A ITF1	TFE2_HUMAN.H11MO.0.A	TCF3	TFE2_HUMAN	P15923	HOCOMOCOv11	ChIP-Seq	yes	yes	yes	usable	Identical_PWM	identical	public_database_mapping_unconfirmed	yes	yes	yes	exact_uniprot_confirmed	
P15976	GATA1_HUMAN	GATA1 ERYF1 GF1	GATA1_HUMAN.H11MO.0.A	GATA1	GATA1_HUMAN	P15976	HOCOMOCOv11	ChIP-Seq	yes	yes	yes	usable	Identical_PWM	identical	public_database_mapping_unconfirmed	yes	yes	yes	exact_uniprot_confirmed	
P16220	CREB1_HUMAN	CREB1	CREB1_HUMAN.H11MO.0.A	CREB1	CREB1_HUMAN	P16220	HOCOMOCOv11	ChIP-Seq	yes	yes	yes	usable	Identical_PWM	identical	public_database_mapping_unconfirmed	yes	yes	yes	exact_uniprot_confirmed	
P17010	ZFX_HUMAN	ZFX	ZFX_HUMAN.H11MO.0.A	ZFX	ZFX_HUMAN	P17010	HOCOMOCOv11	ChIP-Seq	yes	yes	yes	usable	Identical_PWM	identical	public_database_mapping_unconfirmed	yes	yes	yes	exact_uniprot_confirmed	
P17019	ZN708_HUMAN	ZNF708 KOX8 ZNF15 ZNF15L1	ZN708_HUMAN.H11MO.0.C	ZNF708	ZN708_HUMAN	P17019	HOCOMOCOv11	ChIP-Seq	yes	yes	yes	usable	Identical_PWM	identical	public_database_mapping_unconfirmed	yes	yes	yes	exact_uniprot_confirmed	
P17022	ZNF18_HUMAN	ZNF18 HDSG1 KOX11 ZKSCAN6 ZNF535	ZNF18_HUMAN.H11MO.0.C	ZNF18	ZNF18_HUMAN	P17022	HOCOMOCOv11	ChIP-Seq	yes	yes	yes	usable	Identical_PWM	identical	public_database_mapping_unconfirmed	yes	yes	yes	exact_uniprot_confirmed	
P17029	ZKSC1_HUMAN	ZKSCAN1 KOX18 ZNF139 ZNF36	ZKSC1_HUMAN.H11MO.0.B	ZKSCAN1	ZKSC1_HUMAN	P17029	HOCOMOCOv11	ChIP-Seq	yes	yes	yes	usable	Identical_PWM	identical	public_database_mapping_unconfirmed	yes	yes	yes	exact_uniprot_confirmed	
P17098	ZNF8_HUMAN	ZNF8	ZNF8_HUMAN.H11MO.0.C	ZNF8	ZNF8_HUMAN	P17098	HOCOMOCOv11	ChIP-Seq	yes	yes	yes	usable	Identical_PWM	identical	public_database_mapping_unconfirmed	yes	yes	yes	exact_uniprot_confirmed	
P17275	JUNB_HUMAN	JUNB	JUNB_HUMAN.H11MO.0.A	JUNB	JUNB_HUMAN	P17275	HOCOMOCOv11	ChIP-Seq	yes	yes	yes	usable	Identical_PWM	identical	public_database_mapping_unconfirmed	yes	yes	yes	exact_uniprot_confirmed	
P17481	HXB8_HUMAN	HOXB8 HOX2D	HXB8_HUMAN.H11MO.0.C	HOXB8	HXB8_HUMAN	P17481	HOCOMOCOv9	Integrative	yes	yes	yes	usable	Identical_PWM	identical	public_database_mapping_unconfirmed	yes	yes	yes	exact_uniprot_confirmed	
P17483	HXB4_HUMAN	HOXB4 HOX2F	HXB4_HUMAN.H11MO.0.B	HOXB4	HXB4_HUMAN	P17483	HOCOMOCOv11	ChIP-Seq	yes	yes	yes	usable	Identical_PWM	identical	public_database_mapping_unconfirmed	yes	yes	yes	exact_uniprot_confirmed	
P17535	JUND_HUMAN	JUND	JUND_HUMAN.H11MO.0.A	JUND	JUND_HUMAN	P17535	HOCOMOCOv11	ChIP-Seq	yes	yes	yes	usable	Identical_PWM	identical	public_database_mapping_unconfirmed	yes	yes	yes	exact_uniprot_confirmed	
P17542	TAL1_HUMAN	TAL1 BHLHA17 SCL TCL5	TAL1_HUMAN.H11MO.0.A	TAL1	TAL1_HUMAN	P17542	HOCOMOCOv11	ChIP-Seq	yes	yes	yes	usable	Identical_PWM	identical	public_database_mapping_unconfirmed	yes	yes	yes	exact_uniprot_confirmed	
P17676	CEBPB_HUMAN	CEBPB TCF5 PP9092	CEBPB_HUMAN.H11MO.0.A	CEBPB	CEBPB_HUMAN	P17676	HOCOMOCOv11	ChIP-Seq	yes	yes	yes	usable	Identical_PWM	identical	public_database_mapping_unconfirmed	yes	yes	yes	exact_uniprot_confirmed	
P17947	SPI1_HUMAN	SPI1	SPI1_HUMAN.H11MO.0.A	SPI1	SPI1_HUMAN	P17947	HOCOMOCOv11	ChIP-Seq	yes	yes	yes	usable	Identical_PWM	identical	public_database_mapping_unconfirmed	yes	yes	yes	exact_uniprot_confirmed	
P18146	EGR1_HUMAN	EGR1 KROX24 ZNF225	EGR1_HUMAN.H11MO.0.A	EGR1	EGR1_HUMAN	P18146	HOCOMOCOv11	ChIP-Seq	yes	yes	yes	usable	Identical_PWM	identical	public_database_mapping_unconfirmed	yes	yes	yes	exact_uniprot_confirmed	
P18846	ATF1_HUMAN	ATF1	ATF1_HUMAN.H11MO.0.B	ATF1	ATF1_HUMAN	P18846	HOCOMOCOv11	ChIP-Seq	yes	yes	yes	usable	Identical_PWM	identical	public_database_mapping_unconfirmed	yes	yes	yes	exact_uniprot_confirmed	
P18847	ATF3_HUMAN	ATF3	ATF3_HUMAN.H11MO.0.A	ATF3	ATF3_HUMAN	P18847	HOCOMOCOv11	ChIP-Seq	yes	yes	yes	usable	Identical_PWM	identical	public_database_mapping_unconfirmed	yes	yes	yes	exact_uniprot_confirmed	
P18848	ATF4_HUMAN	ATF4 CREB2 TXREB	ATF4_HUMAN.H11MO.0.A	ATF4	ATF4_HUMAN	P18848	HOCOMOCOv11	ChIP-Seq	yes	yes	yes	usable	Identical_PWM	identical	public_database_mapping_unconfirmed	yes	yes	yes	exact_uniprot_confirmed	
P18850	ATF6A_HUMAN	ATF6	ATF6A_HUMAN.H11MO.0.B	ATF6	ATF6A_HUMAN	P18850	HOCOMOCOv9	Integrative	yes	yes	yes	usable	Identical_PWM	identical	public_database_mapping_unconfirmed	yes	yes	yes	exact_uniprot_confirmed	
P19419	ELK1_HUMAN	ELK1	ELK1_HUMAN.H11MO.0.B	ELK1	ELK1_HUMAN	P19419	HOCOMOCOv11	ChIP-Seq	yes	yes	yes	usable	Identical_PWM	identical	public_database_mapping_unconfirmed	yes	yes	yes	exact_uniprot_confirmed	
P19484	TFEB_HUMAN	TFEB BHLHE35	TFEB_HUMAN.H11MO.0.C	TFEB	TFEB_HUMAN	P19484	HOCOMOCOv9	Integrative	yes	yes	yes	usable	Identical_PWM	identical	public_database_mapping_unconfirmed	yes	yes	yes	exact_uniprot_confirmed	
P19532	TFE3_HUMAN	TFE3 BHLHE33	TFE3_HUMAN.H11MO.0.B	TFE3	TFE3_HUMAN	P19532	HOCOMOCOv11	ChIP-Seq	yes	yes	yes	usable	Identical_PWM	identical	public_database_mapping_unconfirmed	yes	yes	yes	exact_uniprot_confirmed	
P19544	WT1_HUMAN	WT1	WT1_HUMAN.H11MO.0.C	WT1	WT1_HUMAN	P19544	HOCOMOCOv11	ChIP-Seq	yes	yes	yes	usable	Identical_PWM	identical	public_database_mapping_unconfirmed	yes	yes	yes	exact_uniprot_confirmed	
P19793	RXRA_HUMAN	RXRA NR2B1	RXRA_HUMAN.H11MO.0.A	RXRA	RXRA_HUMAN	P19793	HOCOMOCOv11	ChIP-Seq	yes	yes	yes	usable	Identical_PWM	identical	public_database_mapping_unconfirmed	yes	yes	yes	exact_uniprot_confirmed	
P19838	NFKB1_HUMAN	NFKB1	NFKB1_HUMAN.H11MO.1.B	NFKB1	NFKB1_HUMAN	P19838	HOCOMOCOv11	ChIP-Seq	yes	yes	yes	usable	Identical_PWM	identical	public_database_mapping_unconfirmed	yes	yes	yes	exact_uniprot_confirmed	
P20226	TBP_HUMAN	TBP GTF2D1 TF2D TFIID	TBP_HUMAN.H11MO.0.A	TBP	TBP_HUMAN	P20226	HOCOMOCOv11	ChIP-Seq	yes	yes	yes	usable	Identical_PWM	identical	public_database_mapping_unconfirmed	yes	yes	yes	exact_uniprot_confirmed	
P20265	PO3F2_HUMAN	POU3F2 BRN2 OCT7 OTF7	PO3F2_HUMAN.H11MO.0.A	POU3F2	PO3F2_HUMAN	P20265	HOCOMOCOv11	ChIP-Seq	yes	yes	yes	usable	Identical_PWM	identical	public_database_mapping_unconfirmed	yes	yes	yes	exact_uniprot_confirmed	
P20393	NR1D1_HUMAN	NR1D1 EAR1 HREV THRAL	NR1D1_HUMAN.H11MO.0.B	NR1D1	NR1D1_HUMAN	P20393	HOCOMOCOv11	ChIP-Seq	yes	yes	yes	usable	Identical_PWM	identical	public_database_mapping_unconfirmed	yes	yes	yes	exact_uniprot_confirmed	
P20823	HNF1A_HUMAN	HNF1A TCF1	HNF1A_HUMAN.H11MO.0.C	HNF1A	HNF1A_HUMAN	P20823	HOCOMOCOv11	ChIP-Seq	yes	yes	yes	usable	Identical_PWM	identical	public_database_mapping_unconfirmed	yes	yes	yes	exact_uniprot_confirmed	
P21675	TAF1_HUMAN	TAF1 BA2R CCG1 CCGS TAF2A	TAF1_HUMAN.H11MO.0.A	TAF1	TAF1_HUMAN	P21675	HOCOMOCOv11	ChIP-Seq	yes	yes	yes	usable	Identical_PWM	identical	public_database_mapping_unconfirmed	yes	yes	yes	exact_uniprot_confirmed	
P22415	USF1_HUMAN	USF1 BHLHB11 USF	USF1_HUMAN.H11MO.0.A	USF1	USF1_HUMAN	P22415	HOCOMOCOv11	ChIP-Seq	yes	yes	yes	usable	Identical_PWM	identical	public_database_mapping_unconfirmed	yes	yes	yes	exact_uniprot_confirmed	
P22670	RFX1_HUMAN	RFX1	RFX1_HUMAN.H11MO.0.B	RFX1	RFX1_HUMAN	P22670	HOCOMOCOv10	ChIP-Seq	yes	yes	yes	usable	Identical_PWM	identical	public_database_mapping_unconfirmed	yes	yes	yes	exact_uniprot_confirmed	
P22736	NR4A1_HUMAN	NR4A1 GFRP1 HMR NAK1	NR4A1_HUMAN.H11MO.0.A	NR4A1	NR4A1_HUMAN	P22736	HOCOMOCOv11	ChIP-Seq	yes	yes	yes	usable	Identical_PWM	identical	public_database_mapping_unconfirmed	yes	yes	yes	exact_uniprot_confirmed	
P23409	MYF6_HUMAN	MYF6 BHLHC4 MRF4	MYF6_HUMAN.H11MO.0.C	MYF6	MYF6_HUMAN	P23409	HOCOMOCOv9	Integrative	yes	yes	yes	usable	Identical_PWM	identical	public_database_mapping_unconfirmed	yes	yes	yes	exact_uniprot_confirmed	
P23511	NFYA_HUMAN	NFYA	NFYA_HUMAN.H11MO.0.A	NFYA	NFYA_HUMAN	P23511	HOCOMOCOv11	ChIP-Seq	yes	yes	yes	usable	Identical_PWM	identical	public_database_mapping_unconfirmed	yes	yes	yes	exact_uniprot_confirmed	
P23769	GATA2_HUMAN	GATA2	GATA2_HUMAN.H11MO.0.A	GATA2	GATA2_HUMAN	P23769	HOCOMOCOv11	ChIP-Seq	yes	yes	yes	usable	Identical_PWM	identical	public_database_mapping_unconfirmed	yes	yes	yes	exact_uniprot_confirmed	
P23771	GATA3_HUMAN	GATA3	GATA3_HUMAN.H11MO.0.A	GATA3	GATA3_HUMAN	P23771	HOCOMOCOv11	ChIP-Seq	yes	yes	yes	usable	Identical_PWM	identical	public_database_mapping_unconfirmed	yes	yes	yes	exact_uniprot_confirmed	
P24468	COT2_HUMAN	NR2F2 ARP1 TFCOUP2	COT2_HUMAN.H11MO.0.A	NR2F2	COT2_HUMAN	P24468	HOCOMOCOv10	ChIP-Seq	yes	yes	yes	usable	Identical_PWM	identical	public_database_mapping_unconfirmed	yes	yes	yes	exact_uniprot_confirmed	
P25208	NFYB_HUMAN	NFYB HAP3	NFYB_HUMAN.H11MO.0.A	NFYB	NFYB_HUMAN	P25208	HOCOMOCOv9	Integrative	yes	yes	yes	usable	Identical_PWM	identical	public_database_mapping_unconfirmed	yes	yes	yes	exact_uniprot_confirmed	
P25490	TYY1_HUMAN	YY1 INO80S	TYY1_HUMAN.H11MO.0.A	YY1	TYY1_HUMAN	P25490	HOCOMOCOv11	ChIP-Seq	yes	yes	yes	usable	Identical_PWM	identical	public_database_mapping_unconfirmed	yes	yes	yes	exact_uniprot_confirmed	
P26367	PAX6_HUMAN	PAX6 AN2	PAX6_HUMAN.H11MO.0.C	PAX6	PAX6_HUMAN	P26367	HOCOMOCOv11	ChIP-Seq	yes	yes	yes	usable	Identical_PWM	identical	public_database_mapping_unconfirmed	yes	yes	yes	exact_uniprot_confirmed	
P27540	ARNT_HUMAN	ARNT BHLHE2	ARNT_HUMAN.H11MO.0.B	ARNT	ARNT_HUMAN	P27540	HOCOMOCOv11	ChIP-Seq	yes	yes	yes	usable	Identical_PWM	identical	public_database_mapping_unconfirmed	yes	yes	yes	exact_uniprot_confirmed	
P28069	PIT1_HUMAN	POU1F1 GHF1 PIT1	PIT1_HUMAN.H11MO.0.C	POU1F1	PIT1_HUMAN	P28069	HOCOMOCOv9	Integrative	yes	yes	yes	usable	Identical_PWM	identical	public_database_mapping_unconfirmed	yes	yes	yes	exact_uniprot_confirmed	
P28324	ELK4_HUMAN	ELK4 SAP1	ELK4_HUMAN.H11MO.0.A	ELK4	ELK4_HUMAN	P28324	HOCOMOCOv11	ChIP-Seq	yes	yes	yes	usable	Identical_PWM	identical	public_database_mapping_unconfirmed	yes	yes	yes	exact_uniprot_confirmed	
P28347	TEAD1_HUMAN	TEAD1 TCF13 TEF1	TEAD1_HUMAN.H11MO.0.A	TEAD1	TEAD1_HUMAN	P28347	HOCOMOCOv11	ChIP-Seq	yes	yes	yes	usable	Identical_PWM	identical	public_database_mapping_unconfirmed	yes	yes	yes	exact_uniprot_confirmed	
P28370	SMCA1_HUMAN	SMARCA1 SNF2L SNF2L1	SMCA1_HUMAN.H11MO.0.C	SMARCA1	SMCA1_HUMAN	P28370	HOCOMOCOv11	ChIP-Seq	yes	yes	yes	usable	Identical_PWM	identical	public_database_mapping_unconfirmed	yes	yes	yes	exact_uniprot_confirmed	
P28698	MZF1_HUMAN	MZF1 MZF ZNF42 ZSCAN6	MZF1_HUMAN.H11MO.0.B	MZF1	MZF1_HUMAN	P28698	HOCOMOCOv11	ChIP-Seq	yes	yes	yes	usable	Identical_PWM	identical	public_database_mapping_unconfirmed	yes	yes	yes	exact_uniprot_confirmed	
P28702	RXRB_HUMAN	RXRB NR2B2	RXRB_HUMAN.H11MO.0.C	RXRB	RXRB_HUMAN	P28702	HOCOMOCOv9	Integrative	yes	yes	yes	usable	Identical_PWM	identical	public_database_mapping_unconfirmed	yes	yes	yes	exact_uniprot_confirmed	
P31260	HXA10_HUMAN	HOXA10 HOX1H	HXA10_HUMAN.H11MO.0.C	HOXA10	HXA10_HUMAN	P31260	HOCOMOCOv9	Integrative	yes	yes	yes	usable	Identical_PWM	identical	public_database_mapping_unconfirmed	yes	yes	yes	exact_uniprot_confirmed	
P31269	HXA9_HUMAN	HOXA9 HOX1G	HXA9_HUMAN.H11MO.0.B	HOXA9	HXA9_HUMAN	P31269	HOCOMOCOv11	ChIP-Seq	yes	yes	yes	usable	Identical_PWM	identical	public_database_mapping_unconfirmed	yes	yes	yes	exact_uniprot_confirmed	
P31271	HXA13_HUMAN	HOXA13 HOX1J	HXA13_HUMAN.H11MO.0.C	HOXA13	HXA13_HUMAN	P31271	HOCOMOCOv9	Integrative	yes	yes	yes	usable	Identical_PWM	identical	public_database_mapping_unconfirmed	yes	yes	yes	exact_uniprot_confirmed	
P31274	HXC9_HUMAN	HOXC9 HOX3B	HXC9_HUMAN.H11MO.0.C	HOXC9	HXC9_HUMAN	P31274	HOCOMOCOv11	ChIP-Seq	yes	yes	yes	usable	Identical_PWM	identical	public_database_mapping_unconfirmed	yes	yes	yes	exact_uniprot_confirmed	
P32243	OTX2_HUMAN	OTX2	OTX2_HUMAN.H11MO.0.A	OTX2	OTX2_HUMAN	P32243	HOCOMOCOv11	ChIP-Seq	yes	yes	yes	usable	Identical_PWM	identical	public_database_mapping_unconfirmed	yes	yes	yes	exact_uniprot_confirmed	
P32519	ELF1_HUMAN	ELF1	ELF1_HUMAN.H11MO.0.A	ELF1	ELF1_HUMAN	P32519	HOCOMOCOv11	ChIP-Seq	yes	yes	yes	usable	Identical_PWM	identical	public_database_mapping_unconfirmed	yes	yes	yes	exact_uniprot_confirmed	
P35398	RORA_HUMAN	RORA NR1F1 RZRA	RORA_HUMAN.H11MO.0.C	RORA	RORA_HUMAN	P35398	HOCOMOCOv11	ChIP-Seq	yes	yes	yes	usable	Identical_PWM	identical	public_database_mapping_unconfirmed	yes	yes	yes	exact_uniprot_confirmed	
P35680	HNF1B_HUMAN	HNF1B TCF2	HNF1B_HUMAN.H11MO.0.A	HNF1B	HNF1B_HUMAN	P35680	HOCOMOCOv11	ChIP-Seq	yes	yes	yes	usable	Identical_PWM	identical	public_database_mapping_unconfirmed	yes	yes	yes	exact_uniprot_confirmed	
P35711	SOX5_HUMAN	SOX5	SOX5_HUMAN.H11MO.0.C	SOX5	SOX5_HUMAN	P35711	HOCOMOCOv9	Integrative	yes	yes	yes	usable	Identical_PWM	identical	public_database_mapping_unconfirmed	yes	yes	yes	exact_uniprot_confirmed	
P35869	AHR_HUMAN	AHR BHLHE76	AHR_HUMAN.H11MO.0.B	AHR	AHR_HUMAN	P35869	HOCOMOCOv9	Integrative	yes	yes	yes	usable	Identical_PWM	identical	public_database_mapping_unconfirmed	yes	yes	yes	exact_uniprot_confirmed	
P36402	TCF7_HUMAN	TCF7 TCF1	TCF7_HUMAN.H11MO.0.A	TCF7	TCF7_HUMAN	P36402	HOCOMOCOv11	ChIP-Seq	yes	yes	yes	usable	Identical_PWM	identical	public_database_mapping_unconfirmed	yes	yes	yes	exact_uniprot_confirmed	
P36508	ZNF76_HUMAN	ZNF76 D6S229E ZNF523	ZNF76_HUMAN.H11MO.0.C	ZNF76	ZNF76_HUMAN	P36508	HOCOMOCOv11	ChIP-Seq	yes	yes	yes	usable	Identical_PWM	identical	public_database_mapping_unconfirmed	yes	yes	yes	exact_uniprot_confirmed	
P36956	SRBP1_HUMAN	SREBF1 BHLHD1 SREBP1	SRBP1_HUMAN.H11MO.0.A	SREBF1	SRBP1_HUMAN	P36956	HOCOMOCOv11	ChIP-Seq	yes	yes	yes	usable	Identical_PWM	identical	public_database_mapping_unconfirmed	yes	yes	yes	exact_uniprot_confirmed	
P37231	PPARG_HUMAN	PPARG NR1C3	PPARG_HUMAN.H11MO.0.A	PPARG	PPARG_HUMAN	P37231	HOCOMOCOv11	ChIP-Seq	yes	yes	yes	usable	Identical_PWM	identical	public_database_mapping_unconfirmed	yes	yes	yes	exact_uniprot_confirmed	
P37275	ZEB1_HUMAN	ZEB1 AREB6 TCF8	ZEB1_HUMAN.H11MO.0.A	ZEB1	ZEB1_HUMAN	P37275	HOCOMOCOv11	ChIP-Seq	yes	yes	yes	usable	Identical_PWM	identical	public_database_mapping_unconfirmed	yes	yes	yes	exact_uniprot_confirmed	
P39880	CUX1_HUMAN	CUX1 CUTL1	CUX1_HUMAN.H11MO.0.C	CUX1	CUX1_HUMAN	P39880	HOCOMOCOv9	Integrative	yes	yes	yes	usable	Identical_PWM	identical	public_database_mapping_unconfirmed	yes	yes	yes	exact_uniprot_confirmed	
P40424	PBX1_HUMAN	PBX1 PRL	PBX1_HUMAN.H11MO.0.A	PBX1	PBX1_HUMAN	P40424	HOCOMOCOv11	ChIP-Seq	yes	yes	yes	usable	Identical_PWM	identical	public_database_mapping_unconfirmed	yes	yes	yes	exact_uniprot_confirmed	
P40425	PBX2_HUMAN	PBX2 G17	PBX2_HUMAN.H11MO.0.C	PBX2	PBX2_HUMAN	P40425	HOCOMOCOv9	Integrative	yes	yes	yes	usable	Identical_PWM	identical	public_database_mapping_unconfirmed	yes	yes	yes	exact_uniprot_confirmed	
P40426	PBX3_HUMAN	PBX3	PBX3_HUMAN.H11MO.0.A	PBX3	PBX3_HUMAN	P40426	HOCOMOCOv11	ChIP-Seq	yes	yes	yes	usable	Identical_PWM	identical	public_database_mapping_unconfirmed	yes	yes	yes	exact_uniprot_confirmed	
P40763	STAT3_HUMAN	STAT3 APRF	STAT3_HUMAN.H11MO.0.A	STAT3	STAT3_HUMAN	P40763	HOCOMOCOv11	ChIP-Seq	yes	yes	yes	usable	Identical_PWM	identical	public_database_mapping_unconfirmed	yes	yes	yes	exact_uniprot_confirmed	
P41161	ETV5_HUMAN	ETV5 ERM	ETV5_HUMAN.H11MO.0.C	ETV5	ETV5_HUMAN	P41161	HOCOMOCOv11	ChIP-Seq	yes	yes	yes	usable	Identical_PWM	identical	public_database_mapping_unconfirmed	yes	yes	yes	exact_uniprot_confirmed	
P41182	BCL6_HUMAN	BCL6 BCL5 LAZ3 ZBTB27 ZNF51	BCL6_HUMAN.H11MO.0.A	BCL6	BCL6_HUMAN	P41182	HOCOMOCOv11	ChIP-Seq	yes	yes	yes	usable	Identical_PWM	identical	public_database_mapping_unconfirmed	yes	yes	yes	exact_uniprot_confirmed	
P41225	SOX3_HUMAN	SOX3	SOX3_HUMAN.H11MO.0.B	SOX3	SOX3_HUMAN	P41225	HOCOMOCOv11	ChIP-Seq	yes	yes	yes	usable	Identical_PWM	identical	public_database_mapping_unconfirmed	yes	yes	yes	exact_uniprot_confirmed	
P41235	HNF4A_HUMAN	HNF4A HNF4 NR2A1 TCF14	HNF4A_HUMAN.H11MO.0.A	HNF4A	HNF4A_HUMAN	P41235	HOCOMOCOv11	ChIP-Seq	yes	yes	yes	usable	Identical_PWM	identical	public_database_mapping_unconfirmed	yes	yes	yes	exact_uniprot_confirmed	
P42224	STAT1_HUMAN	STAT1	STAT1_HUMAN.H11MO.0.A	STAT1	STAT1_HUMAN	P42224	HOCOMOCOv11	ChIP-Seq	yes	yes	yes	usable	Identical_PWM	identical	public_database_mapping_unconfirmed	yes	yes	yes	exact_uniprot_confirmed	
P42226	STAT6_HUMAN	STAT6	STAT6_HUMAN.H11MO.0.B	STAT6	STAT6_HUMAN	P42226	HOCOMOCOv11	ChIP-Seq	yes	yes	yes	usable	Identical_PWM	identical	public_database_mapping_unconfirmed	yes	yes	yes	exact_uniprot_confirmed	
P42229	STA5A_HUMAN	STAT5A STAT5	STA5A_HUMAN.H11MO.0.A	STAT5A	STA5A_HUMAN	P42229	HOCOMOCOv11	ChIP-Seq	yes	yes	yes	usable	Identical_PWM	identical	public_database_mapping_unconfirmed	yes	yes	yes	exact_uniprot_confirmed	
P43268	ETV4_HUMAN	ETV4 E1AF PEA3	ETV4_HUMAN.H11MO.0.B	ETV4	ETV4_HUMAN	P43268	HOCOMOCOv11	ChIP-Seq	yes	yes	yes	usable	Identical_PWM	identical	public_database_mapping_unconfirmed	yes	yes	yes	exact_uniprot_confirmed	
P43354	NR4A2_HUMAN	NR4A2 NOT NURR1 TINUR	NR4A2_HUMAN.H11MO.0.C	NR4A2	NR4A2_HUMAN	P43354	HOCOMOCOv9	Integrative	yes	yes	yes	usable	Identical_PWM	identical	public_database_mapping_unconfirmed	yes	yes	yes	exact_uniprot_confirmed	
P43694	GATA4_HUMAN	GATA4	GATA4_HUMAN.H11MO.0.A	GATA4	GATA4_HUMAN	P43694	HOCOMOCOv11	ChIP-Seq	yes	yes	yes	usable	Identical_PWM	identical	public_database_mapping_unconfirmed	yes	yes	yes	exact_uniprot_confirmed	
P43699	NKX21_HUMAN	NKX2-1 NKX2A TITF1 TTF1	NKX21_HUMAN.H11MO.0.A	NKX2-1	NKX21_HUMAN	P43699	HOCOMOCOv11	ChIP-Seq	yes	yes	yes	usable	Identical_PWM	identical	public_database_mapping_unconfirmed	yes	yes	yes	exact_uniprot_confirmed	
P47902	CDX1_HUMAN	CDX1	CDX1_HUMAN.H11MO.0.C	CDX1	CDX1_HUMAN	P47902	HOCOMOCOv9	Integrative	yes	yes	yes	usable	Identical_PWM	identical	public_database_mapping_unconfirmed	yes	yes	yes	exact_uniprot_confirmed	
P48378	RFX2_HUMAN	RFX2	RFX2_HUMAN.H11MO.0.A	RFX2	RFX2_HUMAN	P48378	HOCOMOCOv11	ChIP-Seq	yes	yes	yes	usable	Identical_PWM	identical	public_database_mapping_unconfirmed	yes	yes	yes	exact_uniprot_confirmed	
P48380	RFX3_HUMAN	RFX3	RFX3_HUMAN.H11MO.0.B	RFX3	RFX3_HUMAN	P48380	HOCOMOCOv9	Integrative	yes	yes	yes	usable	Identical_PWM	identical	public_database_mapping_unconfirmed	yes	yes	yes	exact_uniprot_confirmed	
P48382	RFX5_HUMAN	RFX5	RFX5_HUMAN.H11MO.0.A	RFX5	RFX5_HUMAN	P48382	HOCOMOCOv11	ChIP-Seq	yes	yes	yes	usable	Identical_PWM	identical	public_database_mapping_unconfirmed	yes	yes	yes	exact_uniprot_confirmed	
P48431	SOX2_HUMAN	SOX2	SOX2_HUMAN.H11MO.0.A	SOX2	SOX2_HUMAN	P48431	HOCOMOCOv11	ChIP-Seq	yes	yes	yes	usable	Identical_PWM	identical	public_database_mapping_unconfirmed	yes	yes	yes	exact_uniprot_confirmed	
P48436	SOX9_HUMAN	SOX9	SOX9_HUMAN.H11MO.0.B	SOX9	SOX9_HUMAN	P48436	HOCOMOCOv11	ChIP-Seq	yes	yes	yes	usable	Identical_PWM	identical	public_database_mapping_unconfirmed	yes	yes	yes	exact_uniprot_confirmed	
P48443	RXRG_HUMAN	RXRG NR2B3	RXRG_HUMAN.H11MO.0.B	RXRG	RXRG_HUMAN	P48443	HOCOMOCOv9	Integrative	yes	yes	yes	usable	Identical_PWM	identical	public_database_mapping_unconfirmed	yes	yes	yes	exact_uniprot_confirmed	
P49116	NR2C2_HUMAN	NR2C2 TAK1 TR4	NR2C2_HUMAN.H11MO.0.B	NR2C2	NR2C2_HUMAN	P49116	HOCOMOCOv11	ChIP-Seq	yes	yes	yes	usable	Identical_PWM	identical	public_database_mapping_unconfirmed	yes	yes	yes	exact_uniprot_confirmed	
P49639	HXA1_HUMAN	HOXA1 HOX1F	HXA1_HUMAN.H11MO.0.C	HOXA1	HXA1_HUMAN	P49639	HOCOMOCOv9	Integrative	yes	yes	yes	usable	Identical_PWM	identical	public_database_mapping_unconfirmed	yes	yes	yes	exact_uniprot_confirmed	
P49711	CTCF_HUMAN	CTCF	CTCF_HUMAN.H11MO.0.A	CTCF	CTCF_HUMAN	P49711	HOCOMOCOv11	ChIP-Seq	yes	yes	yes	usable	Identical_PWM	identical	public_database_mapping_unconfirmed	yes	yes	yes	exact_uniprot_confirmed	
P49715	CEBPA_HUMAN	CEBPA CEBP	CEBPA_HUMAN.H11MO.0.A	CEBPA	CEBPA_HUMAN	P49715	HOCOMOCOv11	ChIP-Seq	yes	yes	yes	usable	Identical_PWM	identical	public_database_mapping_unconfirmed	yes	yes	yes	exact_uniprot_confirmed	
P49716	CEBPD_HUMAN	CEBPD	CEBPD_HUMAN.H11MO.0.C	CEBPD	CEBPD_HUMAN	P49716	HOCOMOCOv11	ChIP-Seq	yes	yes	yes	usable	Identical_PWM	identical	public_database_mapping_unconfirmed	yes	yes	yes	exact_uniprot_confirmed	
P50458	LHX2_HUMAN	LHX2 LH2	LHX2_HUMAN.H11MO.0.A	LHX2	LHX2_HUMAN	P50458	HOCOMOCOv11	ChIP-Seq	yes	yes	yes	usable	Identical_PWM	identical	public_database_mapping_unconfirmed	yes	yes	yes	exact_uniprot_confirmed	
P50539	MXI1_HUMAN	MXI1 BHLHC11	MXI1_HUMAN.H11MO.0.A	MXI1	MXI1_HUMAN	P50539	HOCOMOCOv10	ChIP-Seq	yes	yes	yes	usable	Identical_PWM	identical	public_database_mapping_unconfirmed	yes	yes	yes	exact_uniprot_confirmed	
P50549	ETV1_HUMAN	ETV1 ER81	ETV1_HUMAN.H11MO.0.A	ETV1	ETV1_HUMAN	P50549	HOCOMOCOv11	ChIP-Seq	yes	yes	yes	usable	Identical_PWM	identical	public_database_mapping_unconfirmed	yes	yes	yes	exact_uniprot_confirmed	
P50553	ASCL1_HUMAN	ASCL1 ASH1 BHLHA46 HASH1	ASCL1_HUMAN.H11MO.0.A	ASCL1	ASCL1_HUMAN	P50553	HOCOMOCOv11	ChIP-Seq	yes	yes	yes	usable	Identical_PWM	identical	public_database_mapping_unconfirmed	yes	yes	yes	exact_uniprot_confirmed	
P51449	RORG_HUMAN	RORC NR1F3 RORG RZRG	RORG_HUMAN.H11MO.0.C	RORC	RORG_HUMAN	P51449	HOCOMOCOv11	ChIP-Seq	yes	yes	yes	usable	Identical_PWM	identical	public_database_mapping_unconfirmed	yes	yes	yes	exact_uniprot_confirmed	
P51608	MECP2_HUMAN	MECP2	MECP2_HUMAN.H11MO.0.C	MECP2	MECP2_HUMAN	P51608	HOCOMOCOv9	Integrative	yes	yes	yes	usable	Identical_PWM	identical	public_database_mapping_unconfirmed	yes	yes	yes	exact_uniprot_confirmed	
P51692	STA5B_HUMAN	STAT5B	STA5B_HUMAN.H11MO.0.A	STAT5B	STA5B_HUMAN	P51692	HOCOMOCOv11	ChIP-Seq	yes	yes	yes	usable	Identical_PWM	identical	public_database_mapping_unconfirmed	yes	yes	yes	exact_uniprot_confirmed	
P51814	ZNF41_HUMAN	ZNF41	ZNF41_HUMAN.H11MO.0.C	ZNF41	ZNF41_HUMAN	P51814	HOCOMOCOv11	ChIP-Seq	yes	yes	yes	usable	Identical_PWM	identical	public_database_mapping_unconfirmed	yes	yes	yes	exact_uniprot_confirmed	
P52630	STAT2_HUMAN	STAT2	STAT2_HUMAN.H11MO.0.A	STAT2	STAT2_HUMAN	P52630	HOCOMOCOv11	ChIP-Seq	yes	yes	yes	usable	Identical_PWM	identical	public_database_mapping_unconfirmed	yes	yes	yes	exact_uniprot_confirmed	
P52737	ZN136_HUMAN	ZNF136	ZN136_HUMAN.H11MO.0.C	ZNF136	ZN136_HUMAN	P52737	HOCOMOCOv11	ChIP-Seq	yes	yes	yes	usable	Identical_PWM	identical	public_database_mapping_unconfirmed	yes	yes	yes	exact_uniprot_confirmed	
P52738	ZN140_HUMAN	ZNF140	ZN140_HUMAN.H11MO.0.C	ZNF140	ZN140_HUMAN	P52738	HOCOMOCOv11	ChIP-Seq	yes	yes	yes	usable	Identical_PWM	identical	public_database_mapping_unconfirmed	yes	yes	yes	exact_uniprot_confirmed	
P52741	ZN134_HUMAN	ZNF134	ZN134_HUMAN.H11MO.0.C	ZNF134	ZN134_HUMAN	P52741	HOCOMOCOv11	ChIP-Seq	yes	yes	yes	usable	Identical_PWM	identical	public_database_mapping_unconfirmed	yes	yes	yes	exact_uniprot_confirmed	
P52747	ZN143_HUMAN	ZNF143 SBF STAF	ZN143_HUMAN.H11MO.0.A	ZNF143	ZN143_HUMAN	P52747	HOCOMOCOv11	ChIP-Seq	yes	yes	yes	usable	Identical_PWM	identical	public_database_mapping_unconfirmed	yes	yes	yes	exact_uniprot_confirmed	
P52945	PDX1_HUMAN	PDX1 IPF1 STF1	PDX1_HUMAN.H11MO.0.A	PDX1	PDX1_HUMAN	P52945	HOCOMOCOv11	ChIP-Seq	yes	yes	yes	usable	Identical_PWM	identical	public_database_mapping_unconfirmed	yes	yes	yes	exact_uniprot_confirmed	
P52952	NKX25_HUMAN	NKX2-5 CSX NKX2.5 NKX2E	NKX25_HUMAN.H11MO.0.B	NKX2-5	NKX25_HUMAN	P52952	HOCOMOCOv11	ChIP-Seq	yes	yes	yes	usable	Identical_PWM	identical	public_database_mapping_unconfirmed	yes	yes	yes	exact_uniprot_confirmed	
P53539	FOSB_HUMAN	FOSB G0S3	FOSB_HUMAN.H11MO.0.A	FOSB	FOSB_HUMAN	P53539	HOCOMOCOv11	ChIP-Seq	yes	yes	yes	usable	Identical_PWM	identical	public_database_mapping_unconfirmed	yes	yes	yes	exact_uniprot_confirmed	
P53567	CEBPG_HUMAN	CEBPG	CEBPG_HUMAN.H11MO.0.B	CEBPG	CEBPG_HUMAN	P53567	HOCOMOCOv11	ChIP-Seq	yes	yes	yes	usable	Identical_PWM	identical	public_database_mapping_unconfirmed	yes	yes	yes	exact_uniprot_confirmed	
P55317	FOXA1_HUMAN	FOXA1 HNF3A TCF3A	FOXA1_HUMAN.H11MO.0.A	FOXA1	FOXA1_HUMAN	P55317	HOCOMOCOv11	ChIP-Seq	yes	yes	yes	usable	Identical_PWM	identical	public_database_mapping_unconfirmed	yes	yes	yes	exact_uniprot_confirmed	
P55318	FOXA3_HUMAN	FOXA3 HNF3G TCF3G	FOXA3_HUMAN.H11MO.0.B	FOXA3	FOXA3_HUMAN	P55318	HOCOMOCOv11	ChIP-Seq	yes	yes	yes	usable	Identical_PWM	identical	public_database_mapping_unconfirmed	yes	yes	yes	exact_uniprot_confirmed	
P55347	PKNX1_HUMAN	PKNOX1 PREP1	PKNX1_HUMAN.H11MO.0.B	PKNOX1	PKNX1_HUMAN	P55347	HOCOMOCOv11	ChIP-Seq	yes	yes	yes	usable	Identical_PWM	identical	public_database_mapping_unconfirmed	yes	yes	yes	exact_uniprot_confirmed	
P56270	MAZ_HUMAN	MAZ ZNF801	MAZ_HUMAN.H11MO.0.A	MAZ	MAZ_HUMAN	P56270	HOCOMOCOv11	ChIP-Seq	yes	yes	yes	usable	Identical_PWM	identical	public_database_mapping_unconfirmed	yes	yes	yes	exact_uniprot_confirmed	
P56693	SOX10_HUMAN	SOX10	SOX10_HUMAN.H11MO.0.B	SOX10	SOX10_HUMAN	P56693	HOCOMOCOv11	ChIP-Seq	yes	yes	yes	usable	Identical_PWM	identical	public_database_mapping_unconfirmed	yes	yes	yes	exact_uniprot_confirmed	
P57682	KLF3_HUMAN	KLF3 BKLF	KLF3_HUMAN.H11MO.0.B	KLF3	KLF3_HUMAN	P57682	HOCOMOCOv11	ChIP-Seq	yes	yes	yes	usable	Identical_PWM	identical	public_database_mapping_unconfirmed	yes	yes	yes	exact_uniprot_confirmed	
P58317	ZN121_HUMAN	ZNF121 ZNF20	ZN121_HUMAN.H11MO.0.C	ZNF121	ZN121_HUMAN	P58317	HOCOMOCOv11	ChIP-Seq	yes	yes	yes	usable	Identical_PWM	identical	public_database_mapping_unconfirmed	yes	yes	yes	exact_uniprot_confirmed	
P61244	MAX_HUMAN	MAX BHLHD4	MAX_HUMAN.H11MO.0.A	MAX	MAX_HUMAN	P61244	HOCOMOCOv11	ChIP-Seq	yes	yes	yes	usable	Identical_PWM	identical	public_database_mapping_unconfirmed	yes	yes	yes	exact_uniprot_confirmed	
P61371	ISL1_HUMAN	ISL1	ISL1_HUMAN.H11MO.0.A	ISL1	ISL1_HUMAN	P61371	HOCOMOCOv11	ChIP-Seq	yes	yes	yes	usable	Identical_PWM	identical	public_database_mapping_unconfirmed	yes	yes	yes	exact_uniprot_confirmed	
P62508	ERR3_HUMAN	ESRRG ERR3 ERRG2 KIAA0832 NR3B3	ERR3_HUMAN.H11MO.0.B	ESRRG	ERR3_HUMAN	P62508	HOCOMOCOv9	Integrative	yes	yes	yes	usable	Identical_PWM	identical	public_database_mapping_unconfirmed	yes	yes	yes	exact_uniprot_confirmed	
P78367	NKX32_HUMAN	NKX3-2 BAPX1 NKX3B	NKX32_HUMAN.H11MO.0.C	NKX3-2	NKX32_HUMAN	P78367	HOCOMOCOv11	ChIP-Seq	yes	yes	yes	usable	Identical_PWM	identical	public_database_mapping_unconfirmed	yes	yes	yes	exact_uniprot_confirmed	
P78426	NKX61_HUMAN	NKX6-1 NKX6A	NKX61_HUMAN.H11MO.0.B	NKX6-1	NKX61_HUMAN	P78426	HOCOMOCOv11	ChIP-Seq	yes	yes	yes	usable	Identical_PWM	identical	public_database_mapping_unconfirmed	yes	yes	yes	exact_uniprot_confirmed	
P78545	ELF3_HUMAN	ELF3 ERT ESX JEN	ELF3_HUMAN.H11MO.0.A	ELF3	ELF3_HUMAN	P78545	HOCOMOCOv11	ChIP-Seq	yes	yes	yes	usable	Identical_PWM	identical	public_database_mapping_unconfirmed	yes	yes	yes	exact_uniprot_confirmed	
P84022	SMAD3_HUMAN	SMAD3 MADH3	SMAD3_HUMAN.H11MO.0.B	SMAD3	SMAD3_HUMAN	P84022	HOCOMOCOv11	ChIP-Seq	yes	yes	yes	usable	Identical_PWM	identical	public_database_mapping_unconfirmed	yes	yes	yes	exact_uniprot_confirmed	
P85037	FOXK1_HUMAN	FOXK1 MNF	FOXK1_HUMAN.H11MO.0.A	FOXK1	FOXK1_HUMAN	P85037	HOCOMOCOv11	ChIP-Seq	yes	yes	yes	usable	Identical_PWM	identical	public_database_mapping_unconfirmed	yes	yes	yes	exact_uniprot_confirmed	
P98177	FOXO4_HUMAN	FOXO4 AFX AFX1 MLLT7	FOXO4_HUMAN.H11MO.0.C	FOXO4	FOXO4_HUMAN	P98177	HOCOMOCOv9	Integrative	yes	yes	yes	usable	Identical_PWM	identical	public_database_mapping_unconfirmed	yes	yes	yes	exact_uniprot_confirmed	
Q00613	HSF1_HUMAN	HSF1 HSTF1	HSF1_HUMAN.H11MO.0.A	HSF1	HSF1_HUMAN	Q00613	HOCOMOCOv11	ChIP-Seq	yes	yes	yes	usable	Identical_PWM	identical	public_database_mapping_unconfirmed	yes	yes	yes	exact_uniprot_confirmed	
Q00653	NFKB2_HUMAN	NFKB2 LYT10	NFKB2_HUMAN.H11MO.0.B	NFKB2	NFKB2_HUMAN	Q00653	HOCOMOCOv11	ChIP-Seq	yes	yes	yes	usable	Identical_PWM	identical	public_database_mapping_unconfirmed	yes	yes	yes	exact_uniprot_confirmed	
Q00978	IRF9_HUMAN	IRF9 ISGF3G	IRF9_HUMAN.H11MO.0.C	IRF9	IRF9_HUMAN	Q00978	HOCOMOCOv9	Integrative	yes	yes	yes	usable	Identical_PWM	identical	public_database_mapping_unconfirmed	yes	yes	yes	exact_uniprot_confirmed	
Q01094	E2F1_HUMAN	E2F1 RBBP3	E2F1_HUMAN.H11MO.0.A	E2F1	E2F1_HUMAN	Q01094	HOCOMOCOv11	ChIP-Seq	yes	yes	yes	usable	Identical_PWM	identical	public_database_mapping_unconfirmed	yes	yes	yes	exact_uniprot_confirmed	
Q01101	INSM1_HUMAN	INSM1 IA1	INSM1_HUMAN.H11MO.0.C	INSM1	INSM1_HUMAN	Q01101	HOCOMOCOv9	Integrative	yes	yes	yes	usable	Identical_PWM	identical	public_database_mapping_unconfirmed	yes	yes	yes	exact_uniprot_confirmed	
Q01196	RUNX1_HUMAN	RUNX1 AML1 CBFA2	RUNX1_HUMAN.H11MO.0.A	RUNX1	RUNX1_HUMAN	Q01196	HOCOMOCOv11	ChIP-Seq	yes	yes	yes	usable	Identical_PWM	identical	public_database_mapping_unconfirmed	yes	yes	yes	exact_uniprot_confirmed	
Q01201	RELB_HUMAN	RELB	RELB_HUMAN.H11MO.0.C	RELB	RELB_HUMAN	Q01201	HOCOMOCOv9	Integrative	yes	yes	yes	usable	Identical_PWM	identical	public_database_mapping_unconfirmed	yes	yes	yes	exact_uniprot_confirmed	
Q01543	FLI1_HUMAN	FLI1	FLI1_HUMAN.H11MO.0.A	FLI1	FLI1_HUMAN	Q01543	HOCOMOCOv11	ChIP-Seq	yes	yes	yes	usable	Identical_PWM	identical	public_database_mapping_unconfirmed	yes	yes	yes	exact_uniprot_confirmed	
Q01664	TFAP4_HUMAN	TFAP4 BHLHC41	TFAP4_HUMAN.H11MO.0.A	TFAP4	TFAP4_HUMAN	Q01664	HOCOMOCOv11	ChIP-Seq	yes	yes	yes	usable	Identical_PWM	identical	public_database_mapping_unconfirmed	yes	yes	yes	exact_uniprot_confirmed	
Q01860	PO5F1_HUMAN	POU5F1 OCT3 OCT4 OTF3	PO5F1_HUMAN.H11MO.0.A	POU5F1	PO5F1_HUMAN	Q01860	HOCOMOCOv11	ChIP-Seq	yes	yes	yes	usable	Identical_PWM	identical	public_database_mapping_unconfirmed	yes	yes	yes	exact_uniprot_confirmed	
Q01892	SPIB_HUMAN	SPIB	SPIB_HUMAN.H11MO.0.A	SPIB	SPIB_HUMAN	Q01892	HOCOMOCOv11	ChIP-Seq	yes	yes	yes	usable	Identical_PWM	identical	public_database_mapping_unconfirmed	yes	yes	yes	exact_uniprot_confirmed	
Q02078	MEF2A_HUMAN	MEF2A MEF2	MEF2A_HUMAN.H11MO.0.A	MEF2A	MEF2A_HUMAN	Q02078	HOCOMOCOv11	ChIP-Seq	yes	yes	yes	usable	Identical_PWM	identical	public_database_mapping_unconfirmed	yes	yes	yes	exact_uniprot_confirmed	
Q02080	MEF2B_HUMAN	MEF2B XMEF2	MEF2B_HUMAN.H11MO.0.A	MEF2B	MEF2B_HUMAN	Q02080	HOCOMOCOv11	ChIP-Seq	yes	yes	yes	usable	Identical_PWM	identical	public_database_mapping_unconfirmed	yes	yes	yes	exact_uniprot_confirmed	
Q02086	SP2_HUMAN	SP2 KIAA0048	SP2_HUMAN.H11MO.0.A	SP2	SP2_HUMAN	Q02086	HOCOMOCOv10	ChIP-Seq	yes	yes	yes	usable	Identical_PWM	identical	public_database_mapping_unconfirmed	yes	yes	yes	exact_uniprot_confirmed	
Q02446	SP4_HUMAN	SP4	SP4_HUMAN.H11MO.0.A	SP4	SP4_HUMAN	Q02446	HOCOMOCOv11	ChIP-Seq	yes	yes	yes	usable	Identical_PWM	identical	public_database_mapping_unconfirmed	yes	yes	yes	exact_uniprot_confirmed	
Q02447	SP3_HUMAN	SP3	SP3_HUMAN.H11MO.0.B	SP3	SP3_HUMAN	Q02447	HOCOMOCOv9	Integrative	yes	yes	yes	usable	Identical_PWM	identical	public_database_mapping_unconfirmed	yes	yes	yes	exact_uniprot_confirmed	
Q02548	PAX5_HUMAN	PAX5	PAX5_HUMAN.H11MO.0.A	PAX5	PAX5_HUMAN	Q02548	HOCOMOCOv11	ChIP-Seq	yes	yes	yes	usable	Identical_PWM	identical	public_database_mapping_unconfirmed	yes	yes	yes	exact_uniprot_confirmed	
Q02556	IRF8_HUMAN	IRF8 ICSBP1	IRF8_HUMAN.H11MO.0.B	IRF8	IRF8_HUMAN	Q02556	HOCOMOCOv11	ChIP-Seq	yes	yes	yes	usable	Identical_PWM	identical	public_database_mapping_unconfirmed	yes	yes	yes	exact_uniprot_confirmed	
Q02575	HEN1_HUMAN	NHLH1 BHLHA35 HEN1	HEN1_HUMAN.H11MO.0.C	NHLH1	HEN1_HUMAN	Q02575	HOCOMOCOv9	Integrative	yes	yes	yes	usable	Identical_PWM	identical	public_database_mapping_unconfirmed	yes	yes	yes	exact_uniprot_confirmed	
Q03052	PO3F1_HUMAN	POU3F1 OCT6 OTF6	PO3F1_HUMAN.H11MO.0.C	POU3F1	PO3F1_HUMAN	Q03052	HOCOMOCOv9	Integrative	yes	yes	yes	usable	Identical_PWM	identical	public_database_mapping_unconfirmed	yes	yes	yes	exact_uniprot_confirmed	
Q03060	CREM_HUMAN	CREM	CREM_HUMAN.H11MO.0.C	CREM	CREM_HUMAN	Q03060	HOCOMOCOv9	Integrative	yes	yes	yes	usable	Identical_PWM	identical	public_database_mapping_unconfirmed	yes	yes	yes	exact_uniprot_confirmed	
Q03112	MECOM_HUMAN	MECOM EVI1 MDS1 PRDM3	EVI1_HUMAN.H11MO.0.B	MECOM	EVI1_HUMAN	Q03112	HOCOMOCOv9	Integrative	yes	yes	yes	usable	Identical_PWM	identical	public_database_mapping_unconfirmed	yes	no	yes	exact_uniprot_confirmed	UniProt accession agrees; entry-name spelling differs or is unavailable locally.
Q03923	ZNF85_HUMAN	ZNF85	ZNF85_HUMAN.H11MO.0.C	ZNF85	ZNF85_HUMAN	Q03923	HOCOMOCOv11	ChIP-Seq	yes	yes	yes	usable	Identical_PWM	identical	public_database_mapping_unconfirmed	yes	yes	yes	exact_uniprot_confirmed	
Q03933	HSF2_HUMAN	HSF2 HSTF2	HSF2_HUMAN.H11MO.0.A	HSF2	HSF2_HUMAN	Q03933	HOCOMOCOv9	Integrative	yes	yes	yes	usable	Identical_PWM	identical	public_database_mapping_unconfirmed	yes	yes	yes	exact_uniprot_confirmed	
Q04206	TF65_HUMAN	RELA NFKB3	TF65_HUMAN.H11MO.0.A	RELA	TF65_HUMAN	Q04206	HOCOMOCOv11	ChIP-Seq	yes	yes	yes	usable	Identical_PWM	identical	public_database_mapping_unconfirmed	yes	yes	yes	exact_uniprot_confirmed	
Q04864	REL_HUMAN	REL	REL_HUMAN.H11MO.0.B	REL	REL_HUMAN	Q04864	HOCOMOCOv11	ChIP-Seq	yes	yes	yes	usable	Identical_PWM	identical	public_database_mapping_unconfirmed	yes	yes	yes	exact_uniprot_confirmed	
Q05066	SRY_HUMAN	SRY TDF	SRY_HUMAN.H11MO.0.B	SRY	SRY_HUMAN	Q05066	HOCOMOCOv9	Integrative	yes	yes	yes	usable	Identical_PWM	identical	public_database_mapping_unconfirmed	yes	yes	yes	exact_uniprot_confirmed	
Q06330	SUH_HUMAN	RBPJ IGKJRB IGKJRB1 RBPJK RBPSUH	SUH_HUMAN.H11MO.0.A	RBPJ	SUH_HUMAN	Q06330	HOCOMOCOv11	ChIP-Seq	yes	yes	yes	usable	Identical_PWM	identical	public_database_mapping_unconfirmed	yes	yes	yes	exact_uniprot_confirmed	
Q06413	MEF2C_HUMAN	MEF2C	MEF2C_HUMAN.H11MO.0.A	MEF2C	MEF2C_HUMAN	Q06413	HOCOMOCOv11	ChIP-Seq	yes	yes	yes	usable	Identical_PWM	identical	public_database_mapping_unconfirmed	yes	yes	yes	exact_uniprot_confirmed	
Q06546	GABPA_HUMAN	GABPA E4TF1A	GABPA_HUMAN.H11MO.0.A	GABPA	GABPA_HUMAN	Q06546	HOCOMOCOv11	ChIP-Seq	yes	yes	yes	usable	Identical_PWM	identical	public_database_mapping_unconfirmed	yes	yes	yes	exact_uniprot_confirmed	
Q06945	SOX4_HUMAN	SOX4	SOX4_HUMAN.H11MO.0.B	SOX4	SOX4_HUMAN	Q06945	HOCOMOCOv11	ChIP-Seq	yes	yes	yes	usable	Identical_PWM	identical	public_database_mapping_unconfirmed	yes	yes	yes	exact_uniprot_confirmed	
Q07869	PPARA_HUMAN	PPARA NR1C1 PPAR	PPARA_HUMAN.H11MO.0.B	PPARA	PPARA_HUMAN	Q07869	HOCOMOCOv11	ChIP-Seq	yes	yes	yes	usable	Identical_PWM	identical	public_database_mapping_unconfirmed	yes	yes	yes	exact_uniprot_confirmed	
Q08050	FOXM1_HUMAN	FOXM1 FKHL16 HFH11 MPP2 WIN	FOXM1_HUMAN.H11MO.0.A	FOXM1	FOXM1_HUMAN	Q08050	HOCOMOCOv11	ChIP-Seq	yes	yes	yes	usable	Identical_PWM	identical	public_database_mapping_unconfirmed	yes	yes	yes	exact_uniprot_confirmed	
Q0VGE8	ZN816_HUMAN	ZNF816 ZNF816A	ZN816_HUMAN.H11MO.0.C	ZNF816	ZN816_HUMAN	Q0VGE8	HOCOMOCOv11	ChIP-Seq	yes	yes	yes	usable	Identical_PWM	identical	public_database_mapping_unconfirmed	yes	yes	yes	exact_uniprot_confirmed	
Q10586	DBP_HUMAN	DBP	DBP_HUMAN.H11MO.0.B	DBP	DBP_HUMAN	Q10586	HOCOMOCOv9	Integrative	yes	yes	yes	usable	Identical_PWM	identical	public_database_mapping_unconfirmed	yes	yes	yes	exact_uniprot_confirmed	
Q12772	SRBP2_HUMAN	SREBF2 BHLHD2 SREBP2	SRBP2_HUMAN.H11MO.0.B	SREBF2	SRBP2_HUMAN	Q12772	HOCOMOCOv9	Integrative	yes	yes	yes	usable	Identical_PWM	identical	public_database_mapping_unconfirmed	yes	yes	yes	exact_uniprot_confirmed	
Q12778	FOXO1_HUMAN	FOXO1 FKHR FOXO1A	FOXO1_HUMAN.H11MO.0.A	FOXO1	FOXO1_HUMAN	Q12778	HOCOMOCOv11	ChIP-Seq	yes	yes	yes	usable	Identical_PWM	identical	public_database_mapping_unconfirmed	yes	yes	yes	exact_uniprot_confirmed	
Q12857	NFIA_HUMAN	NFIA KIAA1439	NFIA_HUMAN.H11MO.0.C	NFIA	NFIA_HUMAN	Q12857	HOCOMOCOv9	Integrative	yes	yes	yes	usable	Identical_PWM	identical	public_database_mapping_unconfirmed	yes	yes	yes	exact_uniprot_confirmed	
Q12948	FOXC1_HUMAN	FOXC1 FKHL7 FREAC3	FOXC1_HUMAN.H11MO.0.C	FOXC1	FOXC1_HUMAN	Q12948	HOCOMOCOv9	Integrative	yes	yes	yes	usable	Identical_PWM	identical	public_database_mapping_unconfirmed	yes	yes	yes	exact_uniprot_confirmed	
Q12951	FOXI1_HUMAN	FOXI1 FKHL10 FREAC6	FOXI1_HUMAN.H11MO.0.B	FOXI1	FOXI1_HUMAN	Q12951	HOCOMOCOv9	Integrative	yes	yes	yes	usable	Identical_PWM	identical	public_database_mapping_unconfirmed	yes	yes	yes	exact_uniprot_confirmed	
Q12968	NFAC3_HUMAN	NFATC3 NFAT4	NFAC3_HUMAN.H11MO.0.B	NFATC3	NFAC3_HUMAN	Q12968	HOCOMOCOv9	Integrative	yes	yes	yes	usable	Identical_PWM	identical	public_database_mapping_unconfirmed	yes	yes	yes	exact_uniprot_confirmed	
Q13105	ZBT17_HUMAN	ZBTB17 MIZ1 ZNF151 ZNF60	ZBT17_HUMAN.H11MO.0.A	ZBTB17	ZBT17_HUMAN	Q13105	HOCOMOCOv11	ChIP-Seq	yes	yes	yes	usable	Identical_PWM	identical	public_database_mapping_unconfirmed	yes	yes	yes	exact_uniprot_confirmed	
Q13127	REST_HUMAN	REST NRSF XBR	REST_HUMAN.H11MO.0.A	REST	REST_HUMAN	Q13127	HOCOMOCOv11	ChIP-Seq	yes	yes	yes	usable	Identical_PWM	identical	public_database_mapping_unconfirmed	yes	yes	yes	exact_uniprot_confirmed	
Q13133	NR1H3_HUMAN	NR1H3 LXRA	NR1H3_HUMAN.H11MO.0.B	NR1H3	NR1H3_HUMAN	Q13133	HOCOMOCOv11	ChIP-Seq	yes	yes	yes	usable	Identical_PWM	identical	public_database_mapping_unconfirmed	yes	yes	yes	exact_uniprot_confirmed	
Q13285	STF1_HUMAN	NR5A1 AD4BP FTZF1 SF1	STF1_HUMAN.H11MO.0.B	NR5A1	STF1_HUMAN	Q13285	HOCOMOCOv11	ChIP-Seq	yes	yes	yes	usable	Identical_PWM	identical	public_database_mapping_unconfirmed	yes	yes	yes	exact_uniprot_confirmed	
Q13351	KLF1_HUMAN	KLF1 EKLF	KLF1_HUMAN.H11MO.0.A	KLF1	KLF1_HUMAN	Q13351	HOCOMOCOv11	ChIP-Seq	yes	yes	yes	usable	Identical_PWM	identical	public_database_mapping_unconfirmed	yes	yes	yes	exact_uniprot_confirmed	
Q13422	IKZF1_HUMAN	IKZF1 IK1 IKAROS LYF1 ZNFN1A1	IKZF1_HUMAN.H11MO.0.C	IKZF1	IKZF1_HUMAN	Q13422	HOCOMOCOv9	Integrative	yes	yes	yes	usable	Identical_PWM	identical	public_database_mapping_unconfirmed	yes	yes	yes	exact_uniprot_confirmed	
Q13469	NFAC2_HUMAN	NFATC2 NFAT1 NFATP	NFAC2_HUMAN.H11MO.0.B	NFATC2	NFAC2_HUMAN	Q13469	HOCOMOCOv9	Integrative	yes	yes	yes	usable	Identical_PWM	identical	public_database_mapping_unconfirmed	yes	yes	yes	exact_uniprot_confirmed	
Q13485	SMAD4_HUMAN	SMAD4 DPC4 MADH4	SMAD4_HUMAN.H11MO.0.B	SMAD4	SMAD4_HUMAN	Q13485	HOCOMOCOv11	ChIP-Seq	yes	yes	yes	usable	Identical_PWM	identical	public_database_mapping_unconfirmed	yes	yes	yes	exact_uniprot_confirmed	
Q13516	OLIG2_HUMAN	OLIG2 BHLHB1 BHLHE19 PRKCBP2 RACK17	OLIG2_HUMAN.H11MO.0.B	OLIG2	OLIG2_HUMAN	Q13516	HOCOMOCOv11	ChIP-Seq	yes	yes	yes	usable	Identical_PWM	identical	public_database_mapping_unconfirmed	yes	yes	yes	exact_uniprot_confirmed	
Q13562	NDF1_HUMAN	NEUROD1 BHLHA3 NEUROD	NDF1_HUMAN.H11MO.0.A	NEUROD1	NDF1_HUMAN	Q13562	HOCOMOCOv11	ChIP-Seq	yes	yes	yes	usable	Identical_PWM	identical	public_database_mapping_unconfirmed	yes	yes	yes	exact_uniprot_confirmed	
Q13761	RUNX3_HUMAN	RUNX3 AML2 CBFA3 PEBP2A3	RUNX3_HUMAN.H11MO.0.A	RUNX3	RUNX3_HUMAN	Q13761	HOCOMOCOv11	ChIP-Seq	yes	yes	yes	usable	Identical_PWM	identical	public_database_mapping_unconfirmed	yes	yes	yes	exact_uniprot_confirmed	
Q13886	KLF9_HUMAN	KLF9 BTEB BTEB1	KLF9_HUMAN.H11MO.0.C	KLF9	KLF9_HUMAN	Q13886	HOCOMOCOv11	ChIP-Seq	yes	yes	yes	usable	Identical_PWM	identical	public_database_mapping_unconfirmed	yes	yes	yes	exact_uniprot_confirmed	
Q13887	KLF5_HUMAN	KLF5 BTEB2 CKLF IKLF	KLF5_HUMAN.H11MO.0.A	KLF5	KLF5_HUMAN	Q13887	HOCOMOCOv11	ChIP-Seq	yes	yes	yes	usable	Identical_PWM	identical	public_database_mapping_unconfirmed	yes	yes	yes	exact_uniprot_confirmed	
Q13950	RUNX2_HUMAN	RUNX2 AML3 CBFA1 OSF2 PEBP2A	RUNX2_HUMAN.H11MO.0.A	RUNX2	RUNX2_HUMAN	Q13950	HOCOMOCOv11	ChIP-Seq	yes	yes	yes	usable	Identical_PWM	identical	public_database_mapping_unconfirmed	yes	yes	yes	exact_uniprot_confirmed	
Q13951	PEBB_HUMAN	CBFB	PEBB_HUMAN.H11MO.0.C	CBFB	PEBB_HUMAN	Q13951	HOCOMOCOv9	Integrative	yes	yes	yes	usable	Identical_PWM	identical	public_database_mapping_unconfirmed	yes	yes	yes	exact_uniprot_confirmed	
Q13952	NFYC_HUMAN	NFYC	NFYC_HUMAN.H11MO.0.A	NFYC	NFYC_HUMAN	Q13952	HOCOMOCOv11	ChIP-Seq	yes	yes	yes	usable	Identical_PWM	identical	public_database_mapping_unconfirmed	yes	yes	yes	exact_uniprot_confirmed	
Q14119	VEZF1_HUMAN	VEZF1 DB1 ZNF161	VEZF1_HUMAN.H11MO.0.C	VEZF1	VEZF1_HUMAN	Q14119	HOCOMOCOv11	ChIP-Seq	yes	yes	yes	usable	Identical_PWM	identical	public_database_mapping_unconfirmed	yes	yes	yes	exact_uniprot_confirmed	
Q14186	TFDP1_HUMAN	TFDP1 DP1	TFDP1_HUMAN.H11MO.0.C	TFDP1	TFDP1_HUMAN	Q14186	HOCOMOCOv11	ChIP-Seq	yes	yes	yes	usable	Identical_PWM	identical	public_database_mapping_unconfirmed	yes	yes	yes	exact_uniprot_confirmed	
Q14209	E2F2_HUMAN	E2F2	E2F2_HUMAN.H11MO.0.B	E2F2	E2F2_HUMAN	Q14209	HOCOMOCOv9	Integrative	yes	yes	yes	usable	Identical_PWM	identical	public_database_mapping_unconfirmed	yes	yes	yes	exact_uniprot_confirmed	
Q14494	NF2L1_HUMAN	NFE2L1 HBZ17 NRF1 TCF11	NF2L1_HUMAN.H11MO.0.C	NFE2L1	NF2L1_HUMAN	Q14494	HOCOMOCOv9	Integrative	yes	yes	yes	usable	Identical_PWM	identical	public_database_mapping_unconfirmed	yes	yes	yes	exact_uniprot_confirmed	
Q14526	HIC1_HUMAN	HIC1 ZBTB29	HIC1_HUMAN.H11MO.0.C	HIC1	HIC1_HUMAN	Q14526	HOCOMOCOv9	Integrative	yes	yes	yes	usable	Identical_PWM	identical	public_database_mapping_unconfirmed	yes	yes	yes	exact_uniprot_confirmed	
Q14541	HNF4G_HUMAN	HNF4G NR2A2	HNF4G_HUMAN.H11MO.0.B	HNF4G	HNF4G_HUMAN	Q14541	HOCOMOCOv11	ChIP-Seq	yes	yes	yes	usable	Identical_PWM	identical	public_database_mapping_unconfirmed	yes	yes	yes	exact_uniprot_confirmed	
Q14653	IRF3_HUMAN	IRF3	IRF3_HUMAN.H11MO.0.B	IRF3	IRF3_HUMAN	Q14653	HOCOMOCOv11	ChIP-Seq	yes	yes	yes	usable	Identical_PWM	identical	public_database_mapping_unconfirmed	yes	yes	yes	exact_uniprot_confirmed	
Q14765	STAT4_HUMAN	STAT4	STAT4_HUMAN.H11MO.0.A	STAT4	STAT4_HUMAN	Q14765	HOCOMOCOv11	ChIP-Seq	yes	yes	yes	usable	Identical_PWM	identical	public_database_mapping_unconfirmed	yes	yes	yes	exact_uniprot_confirmed	
Q14814	MEF2D_HUMAN	MEF2D	MEF2D_HUMAN.H11MO.0.A	MEF2D	MEF2D_HUMAN	Q14814	HOCOMOCOv11	ChIP-Seq	yes	yes	yes	usable	Identical_PWM	identical	public_database_mapping_unconfirmed	yes	yes	yes	exact_uniprot_confirmed	
Q14865	ARI5B_HUMAN	ARID5B DESRT MRF2	ARI5B_HUMAN.H11MO.0.C	ARID5B	ARI5B_HUMAN	Q14865	HOCOMOCOv9	Integrative	yes	yes	yes	usable	Identical_PWM	identical	public_database_mapping_unconfirmed	yes	yes	yes	exact_uniprot_confirmed	
Q14872	MTF1_HUMAN	MTF1	MTF1_HUMAN.H11MO.0.C	MTF1	MTF1_HUMAN	Q14872	HOCOMOCOv9	Integrative	yes	yes	yes	usable	Identical_PWM	identical	public_database_mapping_unconfirmed	yes	yes	yes	exact_uniprot_confirmed	
Q14934	NFAC4_HUMAN	NFATC4 NFAT3	NFAC4_HUMAN.H11MO.0.C	NFATC4	NFAC4_HUMAN	Q14934	HOCOMOCOv9	Integrative	yes	yes	yes	usable	Identical_PWM	identical	public_database_mapping_unconfirmed	yes	yes	yes	exact_uniprot_confirmed	
Q14994	NR1I3_HUMAN	NR1I3 CAR	NR1I3_HUMAN.H11MO.0.C	NR1I3	NR1I3_HUMAN	Q14994	HOCOMOCOv9	Integrative	yes	yes	yes	usable	Identical_PWM	identical	public_database_mapping_unconfirmed	yes	yes	yes	exact_uniprot_confirmed	
Q15072	OZF_HUMAN	ZNF146 OZF	OZF_HUMAN.H11MO.0.C	ZNF146	OZF_HUMAN	Q15072	HOCOMOCOv11	ChIP-Seq	yes	yes	yes	usable	Identical_PWM	identical	public_database_mapping_unconfirmed	yes	yes	yes	exact_uniprot_confirmed	
Q15306	IRF4_HUMAN	IRF4 MUM1	IRF4_HUMAN.H11MO.0.A	IRF4	IRF4_HUMAN	Q15306	HOCOMOCOv11	ChIP-Seq	yes	yes	yes	usable	Identical_PWM	identical	public_database_mapping_unconfirmed	yes	yes	yes	exact_uniprot_confirmed	
Q15329	E2F5_HUMAN	E2F5	E2F5_HUMAN.H11MO.0.B	E2F5	E2F5_HUMAN	Q15329	HOCOMOCOv9	Integrative	yes	yes	yes	usable	Identical_PWM	identical	public_database_mapping_unconfirmed	yes	yes	yes	exact_uniprot_confirmed	
Q15406	NR6A1_HUMAN	NR6A1 GCNF	NR6A1_HUMAN.H11MO.0.B	NR6A1	NR6A1_HUMAN	Q15406	HOCOMOCOv9	Integrative	yes	yes	yes	usable	Identical_PWM	identical	public_database_mapping_unconfirmed	yes	yes	yes	exact_uniprot_confirmed	
Q15475	SIX1_HUMAN	SIX1	SIX1_HUMAN.H11MO.0.A	SIX1	SIX1_HUMAN	Q15475	HOCOMOCOv11	ChIP-Seq	yes	yes	yes	usable	Identical_PWM	identical	public_database_mapping_unconfirmed	yes	yes	yes	exact_uniprot_confirmed	
Q15561	TEAD4_HUMAN	TEAD4 RTEF1 TCF13L1 TEF3	TEAD4_HUMAN.H11MO.0.A	TEAD4	TEAD4_HUMAN	Q15561	HOCOMOCOv11	ChIP-Seq	yes	yes	yes	usable	Identical_PWM	identical	public_database_mapping_unconfirmed	yes	yes	yes	exact_uniprot_confirmed	
Q15583	TGIF1_HUMAN	TGIF1 TGIF	TGIF1_HUMAN.H11MO.0.A	TGIF1	TGIF1_HUMAN	Q15583	HOCOMOCOv11	ChIP-Seq	yes	yes	yes	usable	Identical_PWM	identical	public_database_mapping_unconfirmed	yes	yes	yes	exact_uniprot_confirmed	
Q15672	TWST1_HUMAN	TWIST1 BHLHA38 TWIST	TWST1_HUMAN.H11MO.0.A	TWIST1	TWST1_HUMAN	Q15672	HOCOMOCOv11	ChIP-Seq	yes	yes	yes	usable	Identical_PWM	identical	public_database_mapping_unconfirmed	yes	yes	yes	exact_uniprot_confirmed	
Q15699	ALX1_HUMAN	ALX1 CART1	ALX1_HUMAN.H11MO.0.B	ALX1	ALX1_HUMAN	Q15699	HOCOMOCOv9	Integrative	yes	yes	yes	usable	Identical_PWM	identical	public_database_mapping_unconfirmed	yes	yes	yes	exact_uniprot_confirmed	
Q15723	ELF2_HUMAN	ELF2 NERF	ELF2_HUMAN.H11MO.0.C	ELF2	ELF2_HUMAN	Q15723	HOCOMOCOv11	ChIP-Seq	yes	yes	yes	usable	Identical_PWM	identical	public_database_mapping_unconfirmed	yes	yes	yes	exact_uniprot_confirmed	
Q15744	CEBPE_HUMAN	CEBPE	CEBPE_HUMAN.H11MO.0.A	CEBPE	CEBPE_HUMAN	Q15744	HOCOMOCOv9	Integrative	yes	yes	yes	usable	Identical_PWM	identical	public_database_mapping_unconfirmed	yes	yes	yes	exact_uniprot_confirmed	
Q15784	NDF2_HUMAN	NEUROD2 BHLHA1 NDRF	NDF2_HUMAN.H11MO.0.B	NEUROD2	NDF2_HUMAN	Q15784	HOCOMOCOv11	ChIP-Seq	yes	yes	yes	usable	Identical_PWM	identical	public_database_mapping_unconfirmed	yes	yes	yes	exact_uniprot_confirmed	
Q15796	SMAD2_HUMAN	SMAD2 MADH2 MADR2	SMAD2_HUMAN.H11MO.0.A	SMAD2	SMAD2_HUMAN	Q15796	HOCOMOCOv11	ChIP-Seq	yes	yes	yes	usable	Identical_PWM	identical	public_database_mapping_unconfirmed	yes	yes	yes	exact_uniprot_confirmed	
Q15853	USF2_HUMAN	USF2 BHLHB12	USF2_HUMAN.H11MO.0.A	USF2	USF2_HUMAN	Q15853	HOCOMOCOv10	ChIP-Seq	yes	yes	yes	usable	Identical_PWM	identical	public_database_mapping_unconfirmed	yes	yes	yes	exact_uniprot_confirmed	
Q15915	ZIC1_HUMAN	ZIC1 ZIC ZNF201	ZIC1_HUMAN.H11MO.0.B	ZIC1	ZIC1_HUMAN	Q15915	HOCOMOCOv9	Integrative	yes	yes	yes	usable	Identical_PWM	identical	public_database_mapping_unconfirmed	yes	yes	yes	exact_uniprot_confirmed	
Q15916	ZBTB6_HUMAN	ZBTB6 ZID ZNF482	ZBTB6_HUMAN.H11MO.0.C	ZBTB6	ZBTB6_HUMAN	Q15916	HOCOMOCOv11	ChIP-Seq	yes	yes	yes	usable	Identical_PWM	identical	public_database_mapping_unconfirmed	yes	yes	yes	exact_uniprot_confirmed	
Q16236	NF2L2_HUMAN	NFE2L2 NRF2	NF2L2_HUMAN.H11MO.0.A	NFE2L2	NF2L2_HUMAN	Q16236	HOCOMOCOv11	ChIP-Seq	yes	yes	yes	usable	Identical_PWM	identical	public_database_mapping_unconfirmed	yes	yes	yes	exact_uniprot_confirmed	
Q16254	E2F4_HUMAN	E2F4	E2F4_HUMAN.H11MO.0.A	E2F4	E2F4_HUMAN	Q16254	HOCOMOCOv11	ChIP-Seq	yes	yes	yes	usable	Identical_PWM	identical	public_database_mapping_unconfirmed	yes	yes	yes	exact_uniprot_confirmed	
Q16520	BATF_HUMAN	BATF	BATF_HUMAN.H11MO.0.A	BATF	BATF_HUMAN	Q16520	HOCOMOCOv11	ChIP-Seq	yes	yes	yes	usable	Identical_PWM	identical	public_database_mapping_unconfirmed	yes	yes	yes	exact_uniprot_confirmed	
Q16534	HLF_HUMAN	HLF	HLF_HUMAN.H11MO.0.C	HLF	HLF_HUMAN	Q16534	HOCOMOCOv9	Integrative	yes	yes	yes	usable	Identical_PWM	identical	public_database_mapping_unconfirmed	yes	yes	yes	exact_uniprot_confirmed	
Q16621	NFE2_HUMAN	NFE2	NFE2_HUMAN.H11MO.0.A	NFE2	NFE2_HUMAN	Q16621	HOCOMOCOv11	ChIP-Seq	yes	yes	yes	usable	Identical_PWM	identical	public_database_mapping_unconfirmed	yes	yes	yes	exact_uniprot_confirmed	
Q16656	NRF1_HUMAN	NRF1	NRF1_HUMAN.H11MO.0.A	NRF1	NRF1_HUMAN	Q16656	HOCOMOCOv11	ChIP-Seq	yes	yes	yes	usable	Identical_PWM	identical	public_database_mapping_unconfirmed	yes	yes	yes	exact_uniprot_confirmed	
Q16665	HIF1A_HUMAN	HIF1A BHLHE78 MOP1 PASD8	HIF1A_HUMAN.H11MO.0.C	HIF1A	HIF1A_HUMAN	Q16665	HOCOMOCOv11	ChIP-Seq	yes	yes	yes	usable	Identical_PWM	identical	public_database_mapping_unconfirmed	yes	yes	yes	exact_uniprot_confirmed	
Q3MIS6	ZN528_HUMAN	ZNF528 KIAA1827	ZN528_HUMAN.H11MO.0.C	ZNF528	ZN528_HUMAN	Q3MIS6	HOCOMOCOv11	ChIP-Seq	yes	yes	yes	usable	Identical_PWM	identical	public_database_mapping_unconfirmed	yes	yes	yes	exact_uniprot_confirmed	
Q3ZCT1	ZN260_HUMAN	ZNF260 ZFP260	ZN260_HUMAN.H11MO.0.C	ZNF260	ZN260_HUMAN	Q3ZCT1	HOCOMOCOv11	ChIP-Seq	yes	yes	yes	usable	Identical_PWM	identical	public_database_mapping_unconfirmed	yes	yes	yes	exact_uniprot_confirmed	
Q53GI3	ZN394_HUMAN	ZNF394 ZKSCAN14	ZN394_HUMAN.H11MO.0.C	ZNF394	ZN394_HUMAN	Q53GI3	HOCOMOCOv11	ChIP-Seq	yes	yes	yes	usable	Identical_PWM	identical	public_database_mapping_unconfirmed	yes	yes	yes	exact_uniprot_confirmed	
Q5HYK9	ZN667_HUMAN	ZNF667	ZN667_HUMAN.H11MO.0.C	ZNF667	ZN667_HUMAN	Q5HYK9	HOCOMOCOv11	ChIP-Seq	yes	yes	yes	usable	Identical_PWM	identical	public_database_mapping_unconfirmed	yes	yes	yes	exact_uniprot_confirmed	
Q5VTD9	GFI1B_HUMAN	GFI1B	GFI1B_HUMAN.H11MO.0.A	GFI1B	GFI1B_HUMAN	Q5VTD9	HOCOMOCOv11	ChIP-Seq	yes	yes	yes	usable	Identical_PWM	identical	public_database_mapping_unconfirmed	yes	yes	yes	exact_uniprot_confirmed	
Q6IQ21	ZN770_HUMAN	ZNF770	ZN770_HUMAN.H11MO.0.C	ZNF770	ZN770_HUMAN	Q6IQ21	HOCOMOCOv11	ChIP-Seq	yes	yes	yes	usable	Identical_PWM	identical	public_database_mapping_unconfirmed	yes	yes	yes	exact_uniprot_confirmed	
Q6ISB3	GRHL2_HUMAN	GRHL2 BOM TFCP2L3	GRHL2_HUMAN.H11MO.0.A	GRHL2	GRHL2_HUMAN	Q6ISB3	HOCOMOCOv11	ChIP-Seq	yes	yes	yes	usable	Identical_PWM	identical	public_database_mapping_unconfirmed	yes	yes	yes	exact_uniprot_confirmed	
Q6P9A3	ZN549_HUMAN	ZNF549	ZN549_HUMAN.H11MO.0.C	ZNF549	ZN549_HUMAN	Q6P9A3	HOCOMOCOv11	ChIP-Seq	yes	yes	yes	usable	Identical_PWM	identical	public_database_mapping_unconfirmed	yes	yes	yes	exact_uniprot_confirmed	
Q6P9G9	ZN449_HUMAN	ZNF449 ZSCAN19	ZN449_HUMAN.H11MO.0.C	ZNF449	ZN449_HUMAN	Q6P9G9	HOCOMOCOv11	ChIP-Seq	yes	yes	yes	usable	Identical_PWM	identical	public_database_mapping_unconfirmed	yes	yes	yes	exact_uniprot_confirmed	
Q6U7Q0	ZN322_HUMAN	ZNF322 ZNF322A ZNF388 ZNF489	ZN322_HUMAN.H11MO.0.B	ZNF322	ZN322_HUMAN	Q6U7Q0	HOCOMOCOv11	ChIP-Seq	yes	yes	yes	usable	Identical_PWM	identical	public_database_mapping_unconfirmed	yes	yes	yes	exact_uniprot_confirmed	
Q7RTS1	BHA15_HUMAN	BHLHA15 BHLHB8 MIST1	BHA15_HUMAN.H11MO.0.B	BHLHA15	BHA15_HUMAN	Q7RTS1	HOCOMOCOv11	ChIP-Seq	yes	yes	yes	usable	Identical_PWM	identical	public_database_mapping_unconfirmed	yes	yes	yes	exact_uniprot_confirmed	
Q7RTS3	PTF1A_HUMAN	PTF1A BHLHA29 PTF1P48	PTF1A_HUMAN.H11MO.0.B	PTF1A	PTF1A_HUMAN	Q7RTS3	HOCOMOCOv11	ChIP-Seq	yes	yes	yes	usable	Identical_PWM	identical	public_database_mapping_unconfirmed	yes	yes	yes	exact_uniprot_confirmed	
Q7Z7K2	ZN467_HUMAN	ZNF467	ZN467_HUMAN.H11MO.0.C	ZNF467	ZN467_HUMAN	Q7Z7K2	HOCOMOCOv11	ChIP-Seq	yes	yes	yes	usable	Identical_PWM	identical	public_database_mapping_unconfirmed	yes	yes	yes	exact_uniprot_confirmed	
Q86T24	KAISO_HUMAN	ZBTB33 KAISO ZNF348	KAISO_HUMAN.H11MO.0.A	ZBTB33	KAISO_HUMAN	Q86T24	HOCOMOCOv11	ChIP-Seq	yes	yes	yes	usable	Identical_PWM	identical	public_database_mapping_unconfirmed	yes	yes	yes	exact_uniprot_confirmed	
Q86TJ5	ZN554_HUMAN	ZNF554	ZN554_HUMAN.H11MO.0.C	ZNF554	ZN554_HUMAN	Q86TJ5	HOCOMOCOv11	ChIP-Seq	yes	yes	yes	usable	Identical_PWM	identical	public_database_mapping_unconfirmed	yes	yes	yes	exact_uniprot_confirmed	
Q86UD4	ZN329_HUMAN	ZNF329	ZN329_HUMAN.H11MO.0.C	ZNF329	ZN329_HUMAN	Q86UD4	HOCOMOCOv11	ChIP-Seq	yes	yes	yes	usable	Identical_PWM	identical	public_database_mapping_unconfirmed	yes	yes	yes	exact_uniprot_confirmed	
Q8IVP9	ZN547_HUMAN	ZNF547	ZN547_HUMAN.H11MO.0.C	ZNF547	ZN547_HUMAN	Q8IVP9	HOCOMOCOv11	ChIP-Seq	yes	yes	yes	usable	Identical_PWM	identical	public_database_mapping_unconfirmed	yes	yes	yes	exact_uniprot_confirmed	
Q8N141	ZFP82_HUMAN	ZFP82 KIAA1948 ZNF545	ZFP82_HUMAN.H11MO.0.C	ZFP82	ZFP82_HUMAN	Q8N141	HOCOMOCOv11	ChIP-Seq	yes	yes	yes	usable	Identical_PWM	identical	public_database_mapping_unconfirmed	yes	yes	yes	exact_uniprot_confirmed	
Q8N2R0	OSR2_HUMAN	OSR2	OSR2_HUMAN.H11MO.0.C	OSR2	OSR2_HUMAN	Q8N2R0	HOCOMOCOv11	ChIP-Seq	yes	yes	yes	usable	Identical_PWM	identical	public_database_mapping_unconfirmed	yes	yes	yes	exact_uniprot_confirmed	
Q8NEM1	ZN680_HUMAN	ZNF680	ZN680_HUMAN.H11MO.0.C	ZNF680	ZN680_HUMAN	Q8NEM1	HOCOMOCOv11	ChIP-Seq	yes	yes	yes	usable	Identical_PWM	identical	public_database_mapping_unconfirmed	yes	yes	yes	exact_uniprot_confirmed	
Q8NHY6	ZFP28_HUMAN	ZFP28 KIAA1431	ZFP28_HUMAN.H11MO.0.C	ZFP28	ZFP28_HUMAN	Q8NHY6	HOCOMOCOv11	ChIP-Seq	yes	yes	yes	usable	Identical_PWM	identical	public_database_mapping_unconfirmed	yes	yes	yes	exact_uniprot_confirmed	
Q8NI51	CTCFL_HUMAN	CTCFL BORIS	CTCFL_HUMAN.H11MO.0.A	CTCFL	CTCFL_HUMAN	Q8NI51	HOCOMOCOv11	ChIP-Seq	yes	yes	yes	usable	Identical_PWM	identical	public_database_mapping_unconfirmed	yes	yes	yes	exact_uniprot_confirmed	
Q8TA94	ZN563_HUMAN	ZNF563	ZN563_HUMAN.H11MO.0.C	ZNF563	ZN563_HUMAN	Q8TA94	HOCOMOCOv11	ChIP-Seq	yes	yes	yes	usable	Identical_PWM	identical	public_database_mapping_unconfirmed	yes	yes	yes	exact_uniprot_confirmed	
Q8TBZ5	ZN502_HUMAN	ZNF502	ZN502_HUMAN.H11MO.0.C	ZNF502	ZN502_HUMAN	Q8TBZ5	HOCOMOCOv11	ChIP-Seq	yes	yes	yes	usable	Identical_PWM	identical	public_database_mapping_unconfirmed	yes	yes	yes	exact_uniprot_confirmed	
Q8TF45	ZN418_HUMAN	ZNF418 KIAA1956	ZN418_HUMAN.H11MO.0.C	ZNF418	ZN418_HUMAN	Q8TF45	HOCOMOCOv11	ChIP-Seq	yes	yes	yes	usable	Identical_PWM	identical	public_database_mapping_unconfirmed	yes	yes	yes	exact_uniprot_confirmed	
Q8TF68	ZN384_HUMAN	ZNF384 CAGH1 CIZ NMP4 TNRC1	ZN384_HUMAN.H11MO.0.C	ZNF384	ZN384_HUMAN	Q8TF68	HOCOMOCOv9	Integrative	yes	yes	yes	usable	Identical_PWM	identical	public_database_mapping_unconfirmed	yes	yes	yes	exact_uniprot_confirmed	
Q92481	AP2B_HUMAN	TFAP2B	AP2B_HUMAN.H11MO.0.B	TFAP2B	AP2B_HUMAN	Q92481	HOCOMOCOv9	Integrative	yes	yes	yes	usable	Identical_PWM	identical	public_database_mapping_unconfirmed	yes	yes	yes	exact_uniprot_confirmed	
Q92731	ESR2_HUMAN	ESR2 ESTRB NR3A2	ESR2_HUMAN.H11MO.0.A	ESR2	ESR2_HUMAN	Q92731	HOCOMOCOv11	ChIP-Seq	yes	yes	yes	usable	Identical_PWM	identical	public_database_mapping_unconfirmed	yes	yes	yes	exact_uniprot_confirmed	
Q92754	AP2C_HUMAN	TFAP2C	AP2C_HUMAN.H11MO.0.A	TFAP2C	AP2C_HUMAN	Q92754	HOCOMOCOv10	ChIP-Seq	yes	yes	yes	usable	Identical_PWM	identical	public_database_mapping_unconfirmed	yes	yes	yes	exact_uniprot_confirmed	
Q92826	HXB13_HUMAN	HOXB13	HXB13_HUMAN.H11MO.0.A	HOXB13	HXB13_HUMAN	Q92826	HOCOMOCOv11	ChIP-Seq	yes	yes	yes	usable	Identical_PWM	identical	public_database_mapping_unconfirmed	yes	yes	yes	exact_uniprot_confirmed	
Q92858	ATOH1_HUMAN	ATOH1 ATH1 BHLHA14	ATOH1_HUMAN.H11MO.0.B	ATOH1	ATOH1_HUMAN	Q92858	HOCOMOCOv11	ChIP-Seq	yes	yes	yes	usable	Identical_PWM	identical	public_database_mapping_unconfirmed	yes	yes	yes	exact_uniprot_confirmed	
Q92908	GATA6_HUMAN	GATA6	GATA6_HUMAN.H11MO.0.A	GATA6	GATA6_HUMAN	Q92908	HOCOMOCOv11	ChIP-Seq	yes	yes	yes	usable	Identical_PWM	identical	public_database_mapping_unconfirmed	yes	yes	yes	exact_uniprot_confirmed	
Q92985	IRF7_HUMAN	IRF7	IRF7_HUMAN.H11MO.0.C	IRF7	IRF7_HUMAN	Q92985	HOCOMOCOv9	Integrative	yes	yes	yes	usable	Identical_PWM	identical	public_database_mapping_unconfirmed	yes	yes	yes	exact_uniprot_confirmed	
Q96AV8	E2F7_HUMAN	E2F7	E2F7_HUMAN.H11MO.0.B	E2F7	E2F7_HUMAN	Q96AV8	HOCOMOCOv11	ChIP-Seq	yes	yes	yes	usable	Identical_PWM	identical	public_database_mapping_unconfirmed	yes	yes	yes	exact_uniprot_confirmed	
Q96EK4	THA11_HUMAN	THAP11 HRIHFB2206	THA11_HUMAN.H11MO.0.B	THAP11	THA11_HUMAN	Q96EK4	HOCOMOCOv11	ChIP-Seq	yes	yes	yes	usable	Identical_PWM	identical	public_database_mapping_unconfirmed	yes	yes	yes	exact_uniprot_confirmed	
Q96GC6	ZN274_HUMAN	ZNF274 ZKSCAN19 SP2114	ZN274_HUMAN.H11MO.0.A	ZNF274	ZN274_HUMAN	Q96GC6	HOCOMOCOv11	ChIP-Seq	yes	yes	yes	usable	Identical_PWM	identical	public_database_mapping_unconfirmed	yes	yes	yes	exact_uniprot_confirmed	
Q96LW9	ZSC31_HUMAN	ZSCAN31 ZNF310P ZNF323	ZSC31_HUMAN.H11MO.0.C	ZSCAN31	ZSC31_HUMAN	Q96LW9	HOCOMOCOv11	ChIP-Seq	yes	yes	yes	usable	Identical_PWM	identical	public_database_mapping_unconfirmed	yes	yes	yes	exact_uniprot_confirmed	
Q96MM3	ZFP42_HUMAN	ZFP42 REX1 ZNF754	ZFP42_HUMAN.H11MO.0.A	ZFP42	ZFP42_HUMAN	Q96MM3	HOCOMOCOv11	ChIP-Seq	yes	yes	yes	usable	Identical_PWM	identical	public_database_mapping_unconfirmed	yes	yes	yes	exact_uniprot_confirmed	
Q96NG8	ZN582_HUMAN	ZNF582	ZN582_HUMAN.H11MO.0.C	ZNF582	ZN582_HUMAN	Q96NG8	HOCOMOCOv11	ChIP-Seq	yes	yes	yes	usable	Identical_PWM	identical	public_database_mapping_unconfirmed	yes	yes	yes	exact_uniprot_confirmed	
Q96PE6	ZIM3_HUMAN	ZIM3 ZNF657	ZIM3_HUMAN.H11MO.0.C	ZIM3	ZIM3_HUMAN	Q96PE6	HOCOMOCOv11	ChIP-Seq	yes	yes	yes	usable	Identical_PWM	identical	public_database_mapping_unconfirmed	yes	yes	yes	exact_uniprot_confirmed	
Q96PQ6	ZN317_HUMAN	ZNF317 KIAA1588	ZN317_HUMAN.H11MO.0.C	ZNF317	ZN317_HUMAN	Q96PQ6	HOCOMOCOv11	ChIP-Seq	yes	yes	yes	usable	Identical_PWM	identical	public_database_mapping_unconfirmed	yes	yes	yes	exact_uniprot_confirmed	
Q96RI1	NR1H4_HUMAN	NR1H4 BAR FXR HRR1 RIP14	NR1H4_HUMAN.H11MO.0.B	NR1H4	NR1H4_HUMAN	Q96RI1	HOCOMOCOv11	ChIP-Seq	yes	yes	yes	usable	Identical_PWM	identical	public_database_mapping_unconfirmed	yes	yes	yes	exact_uniprot_confirmed	
Q96SR6	ZN382_HUMAN	ZNF382	ZN382_HUMAN.H11MO.0.C	ZNF382	ZN382_HUMAN	Q96SR6	HOCOMOCOv11	ChIP-Seq	yes	yes	yes	usable	Identical_PWM	identical	public_database_mapping_unconfirmed	yes	yes	yes	exact_uniprot_confirmed	
Q99081	HTF4_HUMAN	TCF12 BHLHB20 HEB HTF4	HTF4_HUMAN.H11MO.0.A	TCF12	HTF4_HUMAN	Q99081	HOCOMOCOv11	ChIP-Seq	yes	yes	yes	usable	Identical_PWM	identical	public_database_mapping_unconfirmed	yes	yes	yes	exact_uniprot_confirmed	
Q99581	FEV_HUMAN	FEV PET1	FEV_HUMAN.H11MO.0.B	FEV	FEV_HUMAN	Q99581	HOCOMOCOv11	ChIP-Seq	yes	yes	yes	usable	Identical_PWM	identical	public_database_mapping_unconfirmed	yes	yes	yes	exact_uniprot_confirmed	
Q99592	ZBT18_HUMAN	ZBTB18 RP58 TAZ1 ZNF238	ZBT18_HUMAN.H11MO.0.C	ZBTB18	ZBT18_HUMAN	Q99592	HOCOMOCOv11	ChIP-Seq	yes	yes	yes	usable	Identical_PWM	identical	public_database_mapping_unconfirmed	yes	yes	yes	exact_uniprot_confirmed	
Q99612	KLF6_HUMAN	KLF6 BCD1 COPEB CPBP ST12	KLF6_HUMAN.H11MO.0.A	KLF6	KLF6_HUMAN	Q99612	HOCOMOCOv11	ChIP-Seq	yes	yes	yes	usable	Identical_PWM	identical	public_database_mapping_unconfirmed	yes	yes	yes	exact_uniprot_confirmed	
Q99626	CDX2_HUMAN	CDX2 CDX3	CDX2_HUMAN.H11MO.0.A	CDX2	CDX2_HUMAN	Q99626	HOCOMOCOv11	ChIP-Seq	yes	yes	yes	usable	Identical_PWM	identical	public_database_mapping_unconfirmed	yes	yes	yes	exact_uniprot_confirmed	
Q99684	GFI1_HUMAN	GFI1 ZNF163	GFI1_HUMAN.H11MO.0.C	GFI1	GFI1_HUMAN	Q99684	HOCOMOCOv9	Integrative	yes	yes	yes	usable	Identical_PWM	identical	public_database_mapping_unconfirmed	yes	yes	yes	exact_uniprot_confirmed	
Q99801	NKX31_HUMAN	NKX3-1 NKX3.1 NKX3A	NKX31_HUMAN.H11MO.0.C	NKX3-1	NKX31_HUMAN	Q99801	HOCOMOCOv11	ChIP-Seq	yes	yes	yes	usable	Identical_PWM	identical	public_database_mapping_unconfirmed	yes	yes	yes	exact_uniprot_confirmed	
Q99811	PRRX2_HUMAN	PRRX2 PMX2 PRX2	PRRX2_HUMAN.H11MO.0.C	PRRX2	PRRX2_HUMAN	Q99811	HOCOMOCOv9	Integrative	yes	yes	yes	usable	Identical_PWM	identical	public_database_mapping_unconfirmed	yes	yes	yes	exact_uniprot_confirmed	
Q99814	EPAS1_HUMAN	EPAS1 BHLHE73 HIF2A MOP2 PASD2	EPAS1_HUMAN.H11MO.0.B	EPAS1	EPAS1_HUMAN	Q99814	HOCOMOCOv11	ChIP-Seq	yes	yes	yes	usable	Identical_PWM	identical	public_database_mapping_unconfirmed	yes	yes	yes	exact_uniprot_confirmed	
Q9BQA5	HINFP_HUMAN	HINFP MIZF ZNF743	HINFP_HUMAN.H11MO.0.C	HINFP	HINFP_HUMAN	Q9BQA5	HOCOMOCOv9	Integrative	yes	yes	yes	usable	Identical_PWM	identical	public_database_mapping_unconfirmed	yes	yes	yes	exact_uniprot_confirmed	
Q9BYN7	ZN341_HUMAN	ZNF341	ZN341_HUMAN.H11MO.0.C	ZNF341	ZN341_HUMAN	Q9BYN7	HOCOMOCOv11	ChIP-Seq	yes	yes	yes	usable	Identical_PWM	identical	public_database_mapping_unconfirmed	yes	yes	yes	exact_uniprot_confirmed	
Q9BYV9	BACH2_HUMAN	BACH2	BACH2_HUMAN.H11MO.0.A	BACH2	BACH2_HUMAN	Q9BYV9	HOCOMOCOv11	ChIP-Seq	yes	yes	yes	usable	Identical_PWM	identical	public_database_mapping_unconfirmed	yes	yes	yes	exact_uniprot_confirmed	
Q9C009	FOXQ1_HUMAN	FOXQ1 HFH1	FOXQ1_HUMAN.H11MO.0.C	FOXQ1	FOXQ1_HUMAN	Q9C009	HOCOMOCOv9	Integrative	yes	yes	yes	usable	Identical_PWM	identical	public_database_mapping_unconfirmed	yes	yes	yes	exact_uniprot_confirmed	
Q9C0F3	ZN436_HUMAN	ZNF436 KIAA1710	ZN436_HUMAN.H11MO.0.C	ZNF436	ZN436_HUMAN	Q9C0F3	HOCOMOCOv11	ChIP-Seq	yes	yes	yes	usable	Identical_PWM	identical	public_database_mapping_unconfirmed	yes	yes	yes	exact_uniprot_confirmed	
Q9GZV8	PRD14_HUMAN	PRDM14	PRD14_HUMAN.H11MO.0.A	PRDM14	PRD14_HUMAN	Q9GZV8	HOCOMOCOv11	ChIP-Seq	yes	yes	yes	usable	Identical_PWM	identical	public_database_mapping_unconfirmed	yes	yes	yes	exact_uniprot_confirmed	
Q9GZX5	ZN350_HUMAN	ZNF350 ZBRK1	ZN350_HUMAN.H11MO.0.C	ZNF350	ZN350_HUMAN	Q9GZX5	HOCOMOCOv11	ChIP-Seq	yes	yes	yes	usable	Identical_PWM	identical	public_database_mapping_unconfirmed	yes	yes	yes	exact_uniprot_confirmed	
Q9H165	BC11A_HUMAN	BCL11A CTIP1 EVI9 KIAA1809 ZNF856	BC11A_HUMAN.H11MO.0.A	BCL11A	BC11A_HUMAN	Q9H165	HOCOMOCOv10	ChIP-Seq	yes	yes	yes	usable	Identical_PWM	identical	public_database_mapping_unconfirmed	yes	yes	yes	exact_uniprot_confirmed	
Q9H334	FOXP1_HUMAN	FOXP1 HSPC215	FOXP1_HUMAN.H11MO.0.A	FOXP1	FOXP1_HUMAN	Q9H334	HOCOMOCOv11	ChIP-Seq	yes	yes	yes	usable	Identical_PWM	identical	public_database_mapping_unconfirmed	yes	yes	yes	exact_uniprot_confirmed	
Q9H3D4	P63_HUMAN	TP63 KET P63 P73H P73L TP73L	P63_HUMAN.H11MO.0.A	TP63	P63_HUMAN	Q9H3D4	HOCOMOCOv11	ChIP-Seq	yes	yes	yes	usable	Identical_PWM	identical	public_database_mapping_unconfirmed	yes	yes	yes	exact_uniprot_confirmed	
Q9H4Z2	ZN335_HUMAN	ZNF335	ZN335_HUMAN.H11MO.0.A	ZNF335	ZN335_HUMAN	Q9H4Z2	HOCOMOCOv11	ChIP-Seq	yes	yes	yes	usable	Identical_PWM	identical	public_database_mapping_unconfirmed	yes	yes	yes	exact_uniprot_confirmed	
Q9H5H4	ZN768_HUMAN	ZNF768	ZN768_HUMAN.H11MO.0.C	ZNF768	ZN768_HUMAN	Q9H5H4	HOCOMOCOv11	ChIP-Seq	yes	yes	yes	usable	Identical_PWM	identical	public_database_mapping_unconfirmed	yes	yes	yes	exact_uniprot_confirmed	
Q9H6I2	SOX17_HUMAN	SOX17	SOX17_HUMAN.H11MO.0.C	SOX17	SOX17_HUMAN	Q9H6I2	HOCOMOCOv11	ChIP-Seq	yes	yes	yes	usable	Identical_PWM	identical	public_database_mapping_unconfirmed	yes	yes	yes	exact_uniprot_confirmed	
Q9H9S0	NANOG_HUMAN	NANOG	NANOG_HUMAN.H11MO.0.A	NANOG	NANOG_HUMAN	Q9H9S0	HOCOMOCOv11	ChIP-Seq	yes	yes	yes	usable	Identical_PWM	identical	public_database_mapping_unconfirmed	yes	yes	yes	exact_uniprot_confirmed	
Q9HBE1	PATZ1_HUMAN	PATZ1 PATZ RIAZ ZBTB19 ZNF278 ZSG	PATZ1_HUMAN.H11MO.0.C	PATZ1	PATZ1_HUMAN	Q9HBE1	HOCOMOCOv11	ChIP-Seq	yes	yes	yes	usable	Identical_PWM	identical	public_database_mapping_unconfirmed	yes	yes	yes	exact_uniprot_confirmed	
Q9HCS4	TF7L1_HUMAN	TCF7L1 TCF3	TF7L1_HUMAN.H11MO.0.B	TCF7L1	TF7L1_HUMAN	Q9HCS4	HOCOMOCOv11	ChIP-Seq	yes	yes	yes	usable	Identical_PWM	identical	public_database_mapping_unconfirmed	yes	yes	yes	exact_uniprot_confirmed	
Q9NPC8	SIX2_HUMAN	SIX2	SIX2_HUMAN.H11MO.0.A	SIX2	SIX2_HUMAN	Q9NPC8	HOCOMOCOv11	ChIP-Seq	yes	yes	yes	usable	Identical_PWM	identical	public_database_mapping_unconfirmed	yes	yes	yes	exact_uniprot_confirmed	
Q9NQB0	TF7L2_HUMAN	TCF7L2 TCF4	TF7L2_HUMAN.H11MO.0.A	TCF7L2	TF7L2_HUMAN	Q9NQB0	HOCOMOCOv11	ChIP-Seq	yes	yes	yes	usable	Identical_PWM	identical	public_database_mapping_unconfirmed	yes	yes	yes	exact_uniprot_confirmed	
Q9NQX0	PRDM6_HUMAN	PRDM6 PFM3	PRDM6_HUMAN.H11MO.0.C	PRDM6	PRDM6_HUMAN	Q9NQX0	HOCOMOCOv11	ChIP-Seq	yes	yes	yes	usable	Identical_PWM	identical	public_database_mapping_unconfirmed	yes	yes	yes	exact_uniprot_confirmed	
Q9NQX6	ZN331_HUMAN	ZNF331 RITA ZNF361 ZNF463	ZN331_HUMAN.H11MO.0.C	ZNF331	ZN331_HUMAN	Q9NQX6	HOCOMOCOv11	ChIP-Seq	yes	yes	yes	usable	Identical_PWM	identical	public_database_mapping_unconfirmed	yes	yes	yes	exact_uniprot_confirmed	
Q9NR55	BATF3_HUMAN	BATF3 SNFT	BATF3_HUMAN.H11MO.0.B	BATF3	BATF3_HUMAN	Q9NR55	HOCOMOCOv11	ChIP-Seq	yes	yes	yes	usable	Identical_PWM	identical	public_database_mapping_unconfirmed	yes	yes	yes	exact_uniprot_confirmed	
Q9NVV9	THAP1_HUMAN	THAP1	THAP1_HUMAN.H11MO.0.C	THAP1	THAP1_HUMAN	Q9NVV9	HOCOMOCOv10	ChIP-Seq	yes	yes	yes	usable	Identical_PWM	identical	public_database_mapping_unconfirmed	yes	yes	yes	exact_uniprot_confirmed	
Q9NXT0	ZN586_HUMAN	ZNF586	ZN586_HUMAN.H11MO.0.C	ZNF586	ZN586_HUMAN	Q9NXT0	HOCOMOCOv11	ChIP-Seq	yes	yes	yes	usable	Identical_PWM	identical	public_database_mapping_unconfirmed	yes	yes	yes	exact_uniprot_confirmed	
Q9NZC4	EHF_HUMAN	EHF ESE3 ESE3B ESEJ	EHF_HUMAN.H11MO.0.B	EHF	EHF_HUMAN	Q9NZC4	HOCOMOCOv11	ChIP-Seq	yes	yes	yes	usable	Identical_PWM	identical	public_database_mapping_unconfirmed	yes	yes	yes	exact_uniprot_confirmed	
Q9P0K8	FOXJ2_HUMAN	FOXJ2 FHX	FOXJ2_HUMAN.H11MO.0.C	FOXJ2	FOXJ2_HUMAN	Q9P0K8	HOCOMOCOv9	Integrative	yes	yes	yes	usable	Identical_PWM	identical	public_database_mapping_unconfirmed	yes	yes	yes	exact_uniprot_confirmed	
Q9UBB5	MBD2_HUMAN	MBD2	MBD2_HUMAN.H11MO.0.B	MBD2	MBD2_HUMAN	Q9UBB5	HOCOMOCOv9	Integrative	yes	yes	yes	usable	Identical_PWM	identical	public_database_mapping_unconfirmed	yes	yes	yes	exact_uniprot_confirmed	
Q9UBC0	HNF6_HUMAN	ONECUT1 HNF6 HNF6A	HNF6_HUMAN.H11MO.0.B	ONECUT1	HNF6_HUMAN	Q9UBC0	HOCOMOCOv11	ChIP-Seq	yes	yes	yes	usable	Identical_PWM	identical	public_database_mapping_unconfirmed	yes	yes	yes	exact_uniprot_confirmed	
Q9UBR4	LHX3_HUMAN	LHX3	LHX3_HUMAN.H11MO.0.C	LHX3	LHX3_HUMAN	Q9UBR4	HOCOMOCOv9	Integrative	yes	yes	yes	usable	Identical_PWM	identical	public_database_mapping_unconfirmed	yes	yes	yes	exact_uniprot_confirmed	
Q9UBX2	DUX4_HUMAN	DUX4 DUX10	DUX4_HUMAN.H11MO.0.A	DUX4	DUX4_HUMAN	Q9UBX2	HOCOMOCOv11	ChIP-Seq	yes	yes	yes	usable	Identical_PWM	identical	public_database_mapping_unconfirmed	yes	yes	yes	exact_uniprot_confirmed	
Q9UH73	COE1_HUMAN	EBF1 COE1 EBF	COE1_HUMAN.H11MO.0.A	EBF1	COE1_HUMAN	Q9UH73	HOCOMOCOv11	ChIP-Seq	yes	yes	yes	usable	Identical_PWM	identical	public_database_mapping_unconfirmed	yes	yes	yes	exact_uniprot_confirmed	
Q9UIH9	KLF15_HUMAN	KLF15 KKLF	KLF15_HUMAN.H11MO.0.A	KLF15	KLF15_HUMAN	Q9UIH9	HOCOMOCOv11	ChIP-Seq	yes	yes	yes	usable	Identical_PWM	identical	public_database_mapping_unconfirmed	yes	yes	yes	exact_uniprot_confirmed	
Q9UJQ4	SALL4_HUMAN	SALL4 ZNF797	SALL4_HUMAN.H11MO.0.B	SALL4	SALL4_HUMAN	Q9UJQ4	HOCOMOCOv11	ChIP-Seq	yes	yes	yes	usable	Identical_PWM	identical	public_database_mapping_unconfirmed	yes	yes	yes	exact_uniprot_confirmed	
Q9UJU2	LEF1_HUMAN	LEF1	LEF1_HUMAN.H11MO.0.A	LEF1	LEF1_HUMAN	Q9UJU2	HOCOMOCOv11	ChIP-Seq	yes	yes	yes	usable	Identical_PWM	identical	public_database_mapping_unconfirmed	yes	yes	yes	exact_uniprot_confirmed	
Q9UKW6	ELF5_HUMAN	ELF5 ESE2	ELF5_HUMAN.H11MO.0.A	ELF5	ELF5_HUMAN	Q9UKW6	HOCOMOCOv11	ChIP-Seq	yes	yes	yes	usable	Identical_PWM	identical	public_database_mapping_unconfirmed	yes	yes	yes	exact_uniprot_confirmed	
Q9UL17	TBX21_HUMAN	TBX21 TBET TBLYM	TBX21_HUMAN.H11MO.0.A	TBX21	TBX21_HUMAN	Q9UL17	HOCOMOCOv11	ChIP-Seq	yes	yes	yes	usable	Identical_PWM	identical	public_database_mapping_unconfirmed	yes	yes	yes	exact_uniprot_confirmed	
Q9UL59	ZN214_HUMAN	ZNF214 BAZ1	ZN214_HUMAN.H11MO.0.C	ZNF214	ZN214_HUMAN	Q9UL59	HOCOMOCOv11	ChIP-Seq	yes	yes	yes	usable	Identical_PWM	identical	public_database_mapping_unconfirmed	yes	yes	yes	exact_uniprot_confirmed	
Q9ULM2	ZN490_HUMAN	ZNF490 KIAA1198	ZN490_HUMAN.H11MO.0.C	ZNF490	ZN490_HUMAN	Q9ULM2	HOCOMOCOv11	ChIP-Seq	yes	yes	yes	usable	Identical_PWM	identical	public_database_mapping_unconfirmed	yes	yes	yes	exact_uniprot_confirmed	
Q9ULX9	MAFF_HUMAN	MAFF	MAFF_HUMAN.H11MO.0.B	MAFF	MAFF_HUMAN	Q9ULX9	HOCOMOCOv11	ChIP-Seq	yes	yes	yes	usable	Identical_PWM	identical	public_database_mapping_unconfirmed	yes	yes	yes	exact_uniprot_confirmed	
Q9UPW0	FOXJ3_HUMAN	FOXJ3 KIAA1041	FOXJ3_HUMAN.H11MO.0.A	FOXJ3	FOXJ3_HUMAN	Q9UPW0	HOCOMOCOv9	Integrative	yes	yes	yes	usable	Identical_PWM	identical	public_database_mapping_unconfirmed	yes	yes	yes	exact_uniprot_confirmed	
Q9Y261	FOXA2_HUMAN	FOXA2 HNF3B TCF3B	FOXA2_HUMAN.H11MO.0.A	FOXA2	FOXA2_HUMAN	Q9Y261	HOCOMOCOv11	ChIP-Seq	yes	yes	yes	usable	Identical_PWM	identical	public_database_mapping_unconfirmed	yes	yes	yes	exact_uniprot_confirmed	
Q9Y2Q1	ZN257_HUMAN	ZNF257 BMZF4	ZN257_HUMAN.H11MO.0.C	ZNF257	ZN257_HUMAN	Q9Y2Q1	HOCOMOCOv11	ChIP-Seq	yes	yes	yes	usable	Identical_PWM	identical	public_database_mapping_unconfirmed	yes	yes	yes	exact_uniprot_confirmed	
Q9Y2X9	ZN281_HUMAN	ZNF281 GZP1 ZBP99	ZN281_HUMAN.H11MO.0.A	ZNF281	ZN281_HUMAN	Q9Y2X9	HOCOMOCOv11	ChIP-Seq	yes	yes	yes	usable	Identical_PWM	identical	public_database_mapping_unconfirmed	yes	yes	yes	exact_uniprot_confirmed	
Q9Y4X4	KLF12_HUMAN	KLF12 AP2REP HSPC122	KLF12_HUMAN.H11MO.0.C	KLF12	KLF12_HUMAN	Q9Y4X4	HOCOMOCOv11	ChIP-Seq	yes	yes	yes	usable	Identical_PWM	identical	public_database_mapping_unconfirmed	yes	yes	yes	exact_uniprot_confirmed	
Q9Y5Q3	MAFB_HUMAN	MAFB KRML	MAFB_HUMAN.H11MO.0.B	MAFB	MAFB_HUMAN	Q9Y5Q3	HOCOMOCOv11	ChIP-Seq	yes	yes	yes	usable	Identical_PWM	identical	public_database_mapping_unconfirmed	yes	yes	yes	exact_uniprot_confirmed	
Q9Y5X4	NR2E3_HUMAN	NR2E3 PNR RNR	NR2E3_HUMAN.H11MO.0.C	NR2E3	NR2E3_HUMAN	Q9Y5X4	HOCOMOCOv9	Integrative	yes	yes	yes	usable	Identical_PWM	identical	public_database_mapping_unconfirmed	yes	yes	yes	exact_uniprot_confirmed	
